# ABMS : MySQL database backup
#
# Generated: Saturday 12. February 2022
# Hostname: localhost:3306
# Database: aaa
# --------------------------------------------------------


#
# Delete any existing table `bis`
#

DROP TABLE IF EXISTS `bis`;


#
# Table structure of table `bis`
#



CREATE TABLE `bis` (
  `ID` varchar(10) NOT NULL,
  `username` varchar(10) NOT NULL,
  `password` varchar(10) NOT NULL,
  PRIMARY KEY (`ID`)
) ENGINE=InnoDB DEFAULT CHARSET=utf8mb4;

INSERT INTO bis VALUES("1","admin","admin");



#
# Delete any existing table `tbl_support`
#

DROP TABLE IF EXISTS `tbl_support`;


#
# Table structure of table `tbl_support`
#



CREATE TABLE `tbl_support` (
  `id` int(11) NOT NULL AUTO_INCREMENT,
  `name` varchar(50) DEFAULT NULL,
  `email` varchar(60) DEFAULT NULL,
  `number` varchar(20) DEFAULT NULL,
  `subject` varchar(100) DEFAULT NULL,
  `message` text DEFAULT NULL,
  `date` timestamp NULL DEFAULT current_timestamp(),
  PRIMARY KEY (`id`)
) ENGINE=InnoDB AUTO_INCREMENT=4 DEFAULT CHARSET=utf8mb4;




#
# Delete any existing table `tbl_users`
#

DROP TABLE IF EXISTS `tbl_users`;


#
# Table structure of table `tbl_users`
#



CREATE TABLE `tbl_users` (
  `id` int(11) NOT NULL AUTO_INCREMENT,
  `username` varchar(50) DEFAULT NULL,
  `password` varchar(100) DEFAULT NULL,
  `user_type` varchar(20) DEFAULT NULL,
  `avatar` text DEFAULT NULL,
  `created_at` timestamp NOT NULL DEFAULT current_timestamp(),
  PRIMARY KEY (`id`)
) ENGINE=InnoDB AUTO_INCREMENT=13 DEFAULT CHARSET=utf8mb4;

INSERT INTO tbl_users VALUES("11","admin","d033e22ae348aeb5660fc2140aec35850c4da997","administrator","29012022041329bn.jpg","2021-05-03 10:33:03");
INSERT INTO tbl_users VALUES("12","arjay","9770e6a801b6c326724dc84aabc54a12c5209df4","staff","","2022-01-29 11:31:18");



#
# Delete any existing table `tblblotter`
#

DROP TABLE IF EXISTS `tblblotter`;


#
# Table structure of table `tblblotter`
#



CREATE TABLE `tblblotter` (
  `id` int(11) NOT NULL AUTO_INCREMENT,
  `complainant` varchar(100) DEFAULT NULL,
  `respondent` varchar(100) DEFAULT NULL,
  `victim` varchar(100) DEFAULT NULL,
  `type` varchar(100) DEFAULT NULL,
  `location` varchar(100) DEFAULT NULL,
  `date` date DEFAULT NULL,
  `time` time DEFAULT NULL,
  `details` varchar(10000) DEFAULT NULL,
  `status` varchar(50) DEFAULT NULL,
  PRIMARY KEY (`id`)
) ENGINE=InnoDB AUTO_INCREMENT=27 DEFAULT CHARSET=latin1;

INSERT INTO tblblotter VALUES("10","Joe Rizal","Nora Selos","Joe Rizal","Amicable","Pob 1 Catbalogan, Samar","2020-11-02","00:30:00"," Sustento sa Anaak ","Scheduled");
INSERT INTO tblblotter VALUES("16","Tiboy Tibo","Maria Advitos","Tiboy","Incident","Brgy1","2020-11-06","23:35:00","  Di alam ano pinag awayan  ","Scheduled");
INSERT INTO tblblotter VALUES("19","Girl Topak","Boy Topak","Girl Topak","Incident","Manila","2021-01-13","11:11:00","Mga Topakin na Pamilya","Active");
INSERT INTO tblblotter VALUES("20","Kayzel","Mario","Kayzel","Incident","Quezon City","2021-01-07","00:12:00","Iwan Ko","Settled");
INSERT INTO tblblotter VALUES("22","Juan dela Cruz","Peter","Juan","Amicable","Manila","2021-01-01","22:16:00","   ayaw magbayad ng utang.. hehhheee   ","Active");
INSERT INTO tblblotter VALUES("26","Ron","Cajan","ROn Cajan","Amicable","Looc","2021-04-30","13:09:00","Donec sollicitudin molestie malesuada. Curabitur non nulla sit amet nisl tempus convallis quis ac lectus. Sed porttitor lectus nibh. Vestibulum ante ipsum primis in faucibus orci luctus et ultrices posuere cubilia Curae; Donec velit neque, auctor sit amet aliquam vel, ullamcorper sit amet ligula.","Settled");



#
# Delete any existing table `tblbrgy_info`
#

DROP TABLE IF EXISTS `tblbrgy_info`;


#
# Table structure of table `tblbrgy_info`
#



CREATE TABLE `tblbrgy_info` (
  `id` int(11) NOT NULL AUTO_INCREMENT,
  `province` varchar(100) DEFAULT NULL,
  `town` varchar(100) DEFAULT NULL,
  `brgy_name` varchar(50) DEFAULT NULL,
  `number` varchar(50) DEFAULT NULL,
  `text` text DEFAULT NULL,
  `image` varchar(200) DEFAULT NULL,
  `city_logo` varchar(100) DEFAULT NULL,
  `brgy_logo` varchar(100) DEFAULT NULL,
  PRIMARY KEY (`id`)
) ENGINE=InnoDB AUTO_INCREMENT=2 DEFAULT CHARSET=utf8mb4;

INSERT INTO tblbrgy_info VALUES("1","Nueva Ecija","Cabanatuan City","Barangay Campo Tinio","0919-1234567","Mauris blandit aliquet elit, eget tincidunt nibh pulvinar a. Sed porttitor lectus nibh. Curabitur aliquet quam id dui posuere blandit.","29012022041448272018537_269330545153746_6387290217360737887_n.png","29012022042347272211151_686347589026781_1649041725538917193_n.png","29012022042347bn.jpg");



#
# Delete any existing table `tblchairmanship`
#

DROP TABLE IF EXISTS `tblchairmanship`;


#
# Table structure of table `tblchairmanship`
#



CREATE TABLE `tblchairmanship` (
  `id` int(11) NOT NULL AUTO_INCREMENT,
  `title` varchar(100) DEFAULT NULL,
  PRIMARY KEY (`id`)
) ENGINE=InnoDB AUTO_INCREMENT=12 DEFAULT CHARSET=utf8mb4;

INSERT INTO tblchairmanship VALUES("2","Presiding Officer");
INSERT INTO tblchairmanship VALUES("3","Committee on Appropriation");
INSERT INTO tblchairmanship VALUES("4","Committee on Peace & Order");
INSERT INTO tblchairmanship VALUES("5","Committee on Health");
INSERT INTO tblchairmanship VALUES("6","Committee on Education");
INSERT INTO tblchairmanship VALUES("7","Committee on Rules");
INSERT INTO tblchairmanship VALUES("8","Committee on Infra");
INSERT INTO tblchairmanship VALUES("9","Committee on Solid Waste");
INSERT INTO tblchairmanship VALUES("10","Committee on Sports");
INSERT INTO tblchairmanship VALUES("11","No Chairmanship");



#
# Delete any existing table `tblofficials`
#

DROP TABLE IF EXISTS `tblofficials`;


#
# Table structure of table `tblofficials`
#



CREATE TABLE `tblofficials` (
  `id` int(11) NOT NULL AUTO_INCREMENT,
  `name` varchar(50) DEFAULT NULL,
  `chairmanship` varchar(50) DEFAULT NULL,
  `position` varchar(50) DEFAULT NULL,
  `termstart` date DEFAULT NULL,
  `termend` date DEFAULT NULL,
  `status` varchar(20) DEFAULT NULL,
  PRIMARY KEY (`id`)
) ENGINE=InnoDB AUTO_INCREMENT=14 DEFAULT CHARSET=utf8mb4;

INSERT INTO tblofficials VALUES("1","Peter Guevarra	","2","4","2021-04-29","2021-05-01","Active");
INSERT INTO tblofficials VALUES("4","Marlon A. Lorio","3","7","2021-04-03","2021-04-24","Active");
INSERT INTO tblofficials VALUES("5","GARRY A. RAFEL","4","8","2021-04-03","2021-04-03","Active");
INSERT INTO tblofficials VALUES("6","TRILLION LOWRY	","5","9","2021-04-03","2021-04-03","Active");
INSERT INTO tblofficials VALUES("7","MELANIE M. ELBOR	","6","10","2021-04-03","2021-04-03","Active");
INSERT INTO tblofficials VALUES("8","ERLINDA V. VITUS	","7","11","2021-04-03","2021-04-03","Active");
INSERT INTO tblofficials VALUES("9","JOEDAVINCE","8","12","2021-04-03","2021-04-03","Active");
INSERT INTO tblofficials VALUES("10","ALEJANDRO A. CAGAMPANG	","9","13","2021-04-03","2021-04-03","Active");
INSERT INTO tblofficials VALUES("11","JOSEPH P. PARDOS	","10","14","2021-04-03","2021-04-03","Active");
INSERT INTO tblofficials VALUES("12","RUTH A. BACAG	","11","15","2021-04-03","2021-04-03","Active");
INSERT INTO tblofficials VALUES("13","DIANNE A. CURRY	","11","16","2021-04-03","2021-04-03","Active");



#
# Delete any existing table `tblpayments`
#

DROP TABLE IF EXISTS `tblpayments`;


#
# Table structure of table `tblpayments`
#



CREATE TABLE `tblpayments` (
  `id` int(11) NOT NULL AUTO_INCREMENT,
  `details` varchar(100) DEFAULT NULL,
  `amounts` decimal(10,2) DEFAULT NULL,
  `date` date DEFAULT NULL,
  `user` varchar(50) DEFAULT NULL,
  `name` varchar(50) DEFAULT NULL,
  PRIMARY KEY (`id`)
) ENGINE=InnoDB AUTO_INCREMENT=14 DEFAULT CHARSET=utf8mb4;

INSERT INTO tblpayments VALUES("5","Business Permit Payment","7000.00","2021-05-19","admin"," Atrium Salon & Studio");
INSERT INTO tblpayments VALUES("6","Certificate of Indigency Payment","3500.00","2021-05-19","admin"," Ronil Gonzales Cajan");
INSERT INTO tblpayments VALUES("7","Barangay Clearance Payment","2500.00","2021-05-19","admin"," Ronil Poe Cajan");
INSERT INTO tblpayments VALUES("8","Business Permit Payment","3500.00","2021-05-18","admin"," Atrium Salon & Studio");
INSERT INTO tblpayments VALUES("9","Business Permit Payment","7000.00","2021-05-18","admin"," Atrium Salon & Studio");
INSERT INTO tblpayments VALUES("10","Business Permit Payment","7500.00","2021-05-18","admin"," Atrium Salon & Studio");
INSERT INTO tblpayments VALUES("11","Barangay Clearance Payment","20.00","2022-01-27","admin"," Ronil 213213 Cajan");
INSERT INTO tblpayments VALUES("12","Certificate of Indigency Payment","22.00","2022-01-29","admin"," Sdfksd;sdfsd D Dasdasd");
INSERT INTO tblpayments VALUES("13","Certificate of Indigency Payment","11.00","2022-01-29","admin"," Ronil 213213 Cajan");



#
# Delete any existing table `tblpermit`
#

DROP TABLE IF EXISTS `tblpermit`;


#
# Table structure of table `tblpermit`
#



CREATE TABLE `tblpermit` (
  `id` int(11) NOT NULL AUTO_INCREMENT,
  `name` varchar(80) DEFAULT NULL,
  `owner1` varchar(200) DEFAULT NULL,
  `owner2` varchar(80) DEFAULT NULL,
  `nature` varchar(220) DEFAULT NULL,
  `applied` date DEFAULT NULL,
  PRIMARY KEY (`id`)
) ENGINE=InnoDB AUTO_INCREMENT=6 DEFAULT CHARSET=utf8mb4;

INSERT INTO tblpermit VALUES("4","SH Food Group 1","SH Food Group 1","SH Food Group 2","SH Food Group 1","2021-04-30");
INSERT INTO tblpermit VALUES("5","Atrium Salon & Studio","SH Food Group 213","","Atrium Salon & Studio","2021-04-30");



#
# Delete any existing table `tblposition`
#

DROP TABLE IF EXISTS `tblposition`;


#
# Table structure of table `tblposition`
#



CREATE TABLE `tblposition` (
  `id` int(11) NOT NULL AUTO_INCREMENT,
  `position` varchar(50) DEFAULT NULL,
  `order` int(11) DEFAULT NULL,
  PRIMARY KEY (`id`)
) ENGINE=InnoDB AUTO_INCREMENT=17 DEFAULT CHARSET=utf8mb4;

INSERT INTO tblposition VALUES("4","Captain","1");
INSERT INTO tblposition VALUES("7","Councilor 1","2");
INSERT INTO tblposition VALUES("8","Councilor 2","3");
INSERT INTO tblposition VALUES("9","Councilor 3","4");
INSERT INTO tblposition VALUES("10","Councilor 4","5");
INSERT INTO tblposition VALUES("11","Councilor 5","6");
INSERT INTO tblposition VALUES("12","Councilor 6","7");
INSERT INTO tblposition VALUES("13","Councilor 7","8");
INSERT INTO tblposition VALUES("14","SK Chairman","9");
INSERT INTO tblposition VALUES("15","Secretary","10");
INSERT INTO tblposition VALUES("16","Treasurer","11");



#
# Delete any existing table `tblprecinct`
#

DROP TABLE IF EXISTS `tblprecinct`;


#
# Table structure of table `tblprecinct`
#



CREATE TABLE `tblprecinct` (
  `id` int(11) NOT NULL AUTO_INCREMENT,
  `precinct` varchar(100) DEFAULT NULL,
  `details` text DEFAULT NULL,
  PRIMARY KEY (`id`)
) ENGINE=InnoDB DEFAULT CHARSET=utf8mb4;




#
# Delete any existing table `tblpurok`
#

DROP TABLE IF EXISTS `tblpurok`;


#
# Table structure of table `tblpurok`
#



CREATE TABLE `tblpurok` (
  `id` int(11) NOT NULL AUTO_INCREMENT,
  `name` varchar(255) DEFAULT NULL,
  `details` text DEFAULT NULL,
  PRIMARY KEY (`id`)
) ENGINE=InnoDB AUTO_INCREMENT=13 DEFAULT CHARSET=utf8mb4;

INSERT INTO tblpurok VALUES("1","Purok 1","Tikang Kanda Babon ngadto liwat kanda Babon");
INSERT INTO tblpurok VALUES("2","Purok 2","Amon ngadto ira");
INSERT INTO tblpurok VALUES("3","Purok 3","afawewqeqweqweqw");
INSERT INTO tblpurok VALUES("4","Purok 4","dsfdsf");
INSERT INTO tblpurok VALUES("5","Purok 5","rewrew");
INSERT INTO tblpurok VALUES("6","Purok 6","rewrewr");
INSERT INTO tblpurok VALUES("7","Purok 7","rew");
INSERT INTO tblpurok VALUES("8","Purok 7","rew");



#
# Delete any existing table `tblresident`
#

DROP TABLE IF EXISTS `tblresident`;


#
# Table structure of table `tblresident`
#



CREATE TABLE `tblresident` (
  `id` int(11) NOT NULL AUTO_INCREMENT,
  `national_id` varchar(100) DEFAULT NULL,
  `citizenship` varchar(50) DEFAULT NULL,
  `picture` text CHARACTER SET utf8mb4 DEFAULT NULL,
  `firstname` varchar(50) CHARACTER SET utf8mb4 DEFAULT NULL,
  `middlename` varchar(50) CHARACTER SET utf8mb4 DEFAULT NULL,
  `lastname` varchar(50) CHARACTER SET utf8mb4 DEFAULT NULL,
  `alias` varchar(20) CHARACTER SET utf8mb4 DEFAULT NULL,
  `birthplace` varchar(80) CHARACTER SET utf8mb4 DEFAULT NULL,
  `birthdate` date DEFAULT NULL,
  `age` int(11) DEFAULT NULL,
  `civilstatus` varchar(20) CHARACTER SET utf8mb4 DEFAULT NULL,
  `gender` varchar(20) CHARACTER SET utf8mb4 DEFAULT NULL,
  `purok` varchar(50) CHARACTER SET utf8mb4 DEFAULT NULL,
  `voterstatus` varchar(20) CHARACTER SET utf8mb4 DEFAULT NULL,
  `identified_as` varchar(30) CHARACTER SET utf8mb4 DEFAULT NULL,
  `phone` varchar(50) CHARACTER SET utf8mb4 DEFAULT NULL,
  `email` varchar(50) CHARACTER SET utf8mb4 DEFAULT NULL,
  `occupation` varchar(100) DEFAULT NULL,
  `address` text CHARACTER SET utf8mb4 DEFAULT NULL,
  `resident_type` int(11) DEFAULT 1,
  `remarks` text DEFAULT NULL,
  PRIMARY KEY (`id`)
) ENGINE=MyISAM AUTO_INCREMENT=182 DEFAULT CHARSET=latin1;

INSERT INTO tblresident VALUES("171","321321321","Filipino","18052021113447Screenshot2021-05-06183815.png","Ronil","Poe","Cajan","FPJ","Metro  Manila","2021-04-05","1","Single","Male","Purok 2","Yes","Unidentified","19512659595","cajanr02rtrt22@gmail.com","IT","310 W Las Colinas Blvd","1","dasds");
INSERT INTO tblresident VALUES("169","","","data:image/jpeg;base64,/9j/4AAQSkZJRgABAQAAAQABAAD/2wBDAAMCAgMCAgMDAwMEAwMEBQgFBQQEBQoHBwYIDAoMDAsKCwsNDhIQDQ4RDgsLEBYQERMUFRUVDA8XGBYUGBIUFRT/2wBDAQMEBAUEBQkFBQkUDQsNFBQUFBQUFBQUFBQUFBQUFBQUFBQUFBQUFBQUFBQUFBQUFBQUFBQUFBQUFBQUFBQUFBT/wAARCAD6AXIDASIAAhEBAxEB/8QAHAAAAgIDAQEAAAAAAAAAAAAABAUCAwABBgcI/8QAPhAAAgEDAwIFAgMGBgICAQUAAQIRAAMhBBIxBUEGEyJRYTJxFIGRByNSobHRFSRCweHwYnIz8RYXNEOSov/EABoBAAMBAQEBAAAAAAAAAAAAAAECAwQABQb/xAAzEQACAgEDAgMHBAICAwEAAAABAgARIQMSMSJBE1GBBDJhcZGh8LHB0eFS8RRCI1Ni4v/aAAwDAQACEQMRAD8A+FdNelWLja4OJxIqjUazzD9OTkqBwfmpLbCMCxBOQDORVSMvnS7MVKkbpAkfbvUdZtxBSs/b5kTQ97gO0PtpaVVnMDdAmKJtNbZ1BnafvxQelKveIIciPjNNLWy4lwsu3H+9BHZWG5t13+VKNbCwK9TNgKLptpJRew7n3px07y524IjJPY0vU27TAztMSIo3p54LFjOSAAAPvSq24k94hDKvn+/rGWrIOkbBaQNoigx+80Sf/wAYzI2zmidZL6baZUcgrQly3+4WWb0nAmtzLiyeo/G/6+0NBjZEJ0a7VwzEj3Hb7VdeMLM9jkjj8qp0rrhiPV9xIrNTdX1AEAxiT802nZvcIQSvGBBbjh7W0g/OD/agb4Z5O2J5Wri+8OFYCPq4qq8ot3C3A4iImu8MOAL48smLfSVr87fScf463JoAgHLAHBrkF1cWTYEwTgETmvQev6BepaU22ySJk+/b+leb3dJe0+sNpvSykD3kfFYnQE7pPbsN/npGupAXTZ3AbfpAoGyhO0KAJ4BkGjdYp8nJYTxQdvKkDaJMnvUVIXuftAzbrsSy1tVhgn5iqdXqbdu3tt79wOCBE1Tqb77So+xaINAqISZ3feqBRu5zELYxLTfFtEJBNw+o+9O9JqLOqtJtkNEFYrnLkBpEz/EeaK01xrF5HUxBBJjmqEAkXKFyoBMeatLem028FiZ7iKUnqdtSQFPbtMU1644vaBbiNIMfoa5rbuQ5jNdqAXZzOZ9+R+8a2upWwCPUoJ+qTiiLHUrKkFrjYzikKqWHpJC9gKntAUCJPNcTt90x1ZmayJ6D4Z0Ddetuy3DsUxjBNHarwvdS5+6vNvUQNxkVn7NlOn6SXIjzLkgd/aus8lzvbaSxaJn5qw0QELH9aMuiqcDE4m70jqMssFhEyDmq10+qtAb7TkEkfSYkV3iaW41zcfTtPb+1FXdOFNveoZCeCvFL4ZwQ1xdtYPaeeHSaxj6bDERO0Dmr1sasx/l2YmIMfyruNLpXuFiVGxdwX4qY042oV+oGTWkICQYVUnPaee6o3dNdA1Ft7RIwOKss6tF+kmIg4qv9onVynVrVnHoWTjkmlPTNS1/LEQQYEUFARywJvtJBiCdvM6K3q9sQ8KPmrbPWkW95aNDHhiOaUoUAAZDJMgRihba7+oW2wIMwODWrqCijnvIt1ncwnYafrLgbPNdATJkwJ/KvV/2LeLG6Xrbqm4VBjMxP5V4WSt7CvmeBxNdT4P1Oq0fUgU9aQZ9+a06RGtgNKjUIUWuJ9IftT8Zf4h4U1FoXGZiuAtfLmt1m5LjMpkCAa9F6/wBcuajpdy3cLqu2SD3ryp9UTebKkT/Kn1g+kdqmUOqGgWqu7TB3KTIMf1pVq3ctKscng0w1fIyCQcEUq1IhI2gAH2mvn2J35PJiUUYgis/neDDVNH1R+VR85lTDNP0gkdq1dMFjHmEHJgRNUsWKkSy/EYpNWz25+v6SRcFvjMvMVsw0hfcUI9wW7k7jEdwauZk8sg5I7YzVF5YcLESvY80pvhmMFNYyR6yJZSdwLZ5rQRXKxuCjGaiHJYqJIjueK2i7ixYx7RUyKETUtjzJ+STnY2fkVlblv4T/AP1rKS3jb/jPQvMa16phWPpk5j86haNs3QeLaiSY4oA3nslnYk4gQAaIt603XS3t2hjlj7VdyBtG6senqPOMwPui8nnyh9nUqNQWhlXmWPajE1hvsqhSqn6jiKThit4KkMIMndNM9PqgjoWIIHKmMGq6R6CTVev819oQ9jay16XGdmLpZGUsYMDiKM0Vy3buDc7QMZHMihNMzXrxYOArDIBj9aJebOrQMy5SMH/ijpttO6xtMG0A4EcNsu27Q3Ex39qpvoGViCCPaYn5qq5ef8OoVRsHGAKru32ZeJZcQSP+mtCkLuKyu4gkNwIRYvqgb0tMQCoqWpvJbG45IXIOYobTF0gbjkgmR/KKn1Ik2mVuw4AycYqb7dpNn63/AKnaQsnEAGqDXN0kz6oMCtau6jOzcg8cVQgW3b3egGODzULqhXILLn271Jbvn7ybkr7o5gmvugooGCPtn8q5TqKWtxuEBjxERFdR1AMV3Ak4jA9q53XsUtg4g5z2NLqFG2g8wMzOa4irUsFtnJx7UOlwBsTH+1EaxmuWgNo5mcZoZrjbHY5GIqTXfEmSDxj5xVqXBcld0k9hWpAVpED4rJM7gAFqKs+5hCx7mqjq7xGBvEjcxE5q1HxkAfzmq23jMhfyqdmUXB5NOpr3hmObPMa3Li3OhKDMIwX2pS6godoOD7yKO8x00FxDBG8HNBh2ZCABE0rFrxmAg95WhRezAfIqw7BBmB71FQ24DAX4OTWyG2jCgDI9qJIAlgFJxPXvCxtWfDOkuIQ2I/ORXVWgbrKwU7GiduQTXnfhHrzP0pNKAiW7TBTB9RJ716d0S4LulWOdsiOa2pqDKmX03APuzYtrbv8AAUtwdtWXLJa3bksQrCZ7VLUpuvWDAg+kA4NGXj/lbaBhc9YwMmnDMVyahJYj5xTpFCJf3CPVxEzVKBbtgLB3LJiP5UXp1dW1fqAAYkA/aqtn4ewHAWdvM4mu03rA7zStaaZ7zxrxy/meItQc7RHHY0D0bUsbmxgRiQa34s1I1HiDV3EYZaBtNC9Idl1IBaSKwjVtyxE83cdxE6IX4YQwMnE5GKywyLfDEFmAIA/Ost3HJC8AZgx71VY3XQrs0bHPPE1o8QAUe/5zK6iFqI5lzacNeDW2KCfURxXXeCtc9i6phWAMEkCa5IXSUZd5UkT2p94a1L6W6sfTk4iuGvsWwMj4xtKnYV258v7nb+Ler210frUqCsERXleqay1w7dw3cgESK7XrusOrsjeZMHJrzzWWW3vtYoefgUg9o1GUFjX3ja2mFex3ll83URYh0HY0tfWKW9QZAcZqx7mpsrDjzFOZ/vQNy/uUnCdopPGVmsDj0mQLZ5+ok/MTYsNn2jvWnu+YrAkgDJJMf9/KoMEYSCBMcCqbwuKIRxIPLVBgG1LY5Pe45Uk5H0kbjBADJI+IzVN28MOASRgg8/yqq/curaUtIDEiYmaqL3LkLiOAo5BrmG4WxuoNQ9VXiEm7gAKB8jmtJdVCwO4z7cVBFcTIggZ3Gq9zEQGHE1PFVJkNZxL/ADR/Cn6VlVjTkid//wDmspLTygoTuGL37xRQNoyDHNSRWa6CylUXkj+lXnVG24ALEE8sJJ+1CNfe0twSQT6oGZp2JDHt+806jLlWMu3paeUlRtMCrun6gQ5dobOBMc0sVroMNuKkZnt80x0jNuAWe+GzimQlQNr3EVSygiOunXjaRgGBgfmKbWb63EbfiFneAc0jtfurQZlaSOSf+KYaZhY0wtKQQ+Z4NNvIBAOYy7QevmGWNS2wl3xwG96L0jOzFm+lBE0kuC49uGYQGEKDEinWjgW4gkRk+9U37RtYx1yQVMKS4EuGFxMzUNeWO4zmPetW7ouuVEbZP5e1U64lnJLnbHE02mb0284g2gntA0ggAyGj9RQWpuxclt0D00WVdjwdh9xFBtbK6gxuI7GoszhLY38IpONpOJTqb4KHBgYmP5Uh12FcwdkZinutusQeZ9jxSDVOdjD1gQcAUtZ2gUYoO0GxFGquQAvb+IDNBao+VYJDTjIozUKZE894E0LrCx0xIA3SIMcYzQZiTj4SdjbmrigEEQSV94rFuxgMQAeCK0CysCRuBPxUgXKgj7RFNu7QAHvNtJEYP5VhYrtG0e81tQdskRWzchgCJHH2qhLKRnMIyLJk/ML22UCQYkGstt6B2Bqu48LyCZ7CtG4SqqDEGT7UNR9xwZzndgDM2tze5xEVhcldsmRxWtpU+5OaiDtIkZjtQoVUuN7YIxHPhksepIstBUyAa9r8LXmGmy369prw/wAOXtnVbKgZJIMH3Fe2+GWM21DKwdNpI7EVXRtTmUQkcCdH1BQ2ms3NsQ47Vp7QNlBJncJCmi9Yk9I3YAEHOe9Vom9F4KzMjvVRS7vhLMbI8ov0q+ZdvGSY5xS3W3/w9q/9QRLZJJx7080thg2q3qSNxP5RXO+J7rp0zXkCQtorIGcCuVVZAD9YzkbTtng+qvl9XcJJMmfer+j3WTUxJgiKBuZYsAY94o7obkasYn8qyqgIOZ520k0vM6bTqbtzYCN57/FL+mFl89HaXW6T/aifMu2pvqdhU4g95NVaFdRqNTevvbAVzCqsZ+a0LR6SZc+XeWtdVGWIIB+00botQyMdhIkxjEULqR5Zj6TOB7/fGKlYFxjKiTBEAQPziqaaLqsBfM46gQAxvqNa7QpnA49xSDUa1NRfa2sD4PxTnqnR9d0DUDT6wqty5aS6McBhIpT1Dpv4XpnTdWBD6gOxYnmGjFX9p9kC7ipqp2prDVAoZgjseRAIExnFC31F5B6STyxgUTcuORIMd4bNC3bkqDuk/wAI714rODjmopBvnj4QNrYQsBgnNDM90rAO5vmr7gdgCTicSOagSrbS6krPvT11kniI5s4NSJVm0p3ElO33+Kru6VrM3LY2m2RK9+OaYaO22pu21AhA0kdv0plb6c2o6h1GwwgjSFwI/hz/AHrRa+DY5kVZrAOZz2lvfizcUsUYiRPBqBVkZvSGUcGeahcT8JqkIlkMEGOfenej0wvHVacIdzJKGDz8VlPJEuSioGAiHcx/1gfG41lUm7cUkHBGD6RWVcaLQ+Gn+X2H8z0XU6pTtYMQqnCHtQ2nKveVlJ9Myx7VWzHaxKgwJGO9Ss7t6ww2nnHesxZWIB5EXVZioU4uXXWyzLIDeox2q/pi77pmAsYX/oqooWgg5Ck8HmrLIC5Ebo7UFNk3WJRQWUKTHNuFRluSx/0iMVdoSH3SYVRIzEULaJxIG4jlV4qdt3tZBhSI4k1TlgxwDJAPZVbr0hqXVa4m1gD74kU1tMtlNqzBE5PNIFI8xPT+kz/tTQ3tmn3buOJXitivuo4zn7HiMtJjvM/E+XqXBBg95ioXtYrqcGDjmg3uh7yszgSfbmoXGVrhIJ2weBWIOTZr6/z3MmoLG4Rp9QrA72KgdweaHXXhtVcXkHIM0OrKFPpnMRFLtU+y4WBAI7wc1wcM1MK/PnODgCvnGeodb4JGG7r/AM0m1NwOpEHmTmtvriGJPccAfFC3tWLwgrBP5RWq1JLbvnOcEHJyIFqm9SyGP8qF1bltJcnM8AdquvrDmJgZqFqGYKSY+Vms/TwD/UBcVkznkBN36SDPtRAtOV9IIByAaY6dFu9SuFFHoH2p9Z0qhEH1H7c/FMCpM5Rusg4nJLp7m4Dy29hAo8dE1XktcFoiBxya6RNON0kADnI4ouxZZQSB6Yz70x1aArj94wXNieeXFe2+11IIxB5rCRH0mJp94uRLV+0UUAmZ/vSE5x2NI17sztp3yLHyxIwSe0GtO6kCSZ+1Yp9RByfbNQuSo7c8RToB3hLXxGfQri2+qactg7hnAr2Tw9duWblreNoneIPY98V4j09wupssYMODBEHmvXOk3L9vqemk/ub6Mi/+JGaYahXU2zRpqdvM9Wtr+J6KSRnYSI4qrSgXtMhJAJ4AOOKs8NMdX0ocSVI+1b6aIshRJgkcVYFVBo3NHuiwblGlRrf4lyGJ3mPbgVynjy+NJ0PqDEZa2ZNdpfXy0udlY5E15r+1TWC10HUAEqWZUGOf+xTbsELUg2BPErjMoYkkTk0x6HcH44BQxAA+1LnliJM+00w8PL/nyAZEe2eayKeCMmZtMFc9p0F02rtvZcwrPtECDk0Ze6Xft6+3+GgW0GC559sUFrE/zOnQna2+IIxXTOgt3yJAA96YuABZx3mi+nd3lHRPBdzrPV7KazW3P3tyCbKCRXoP/wCiF3T2g+n190EeoPctTMZzFc30TUtZ6lpzbdQ+6AWxBrq/EX7Rdb4X6dYtpe80MILNkn9aqmqqdR9KnDS/8RxUC8Z+AvEPifqX4pr2muXVspaAINuQqxNcJ4g8C9f02k6dp205unTqw2q4iSxOKj43/aZ1Lruosqmo227ay23gmMzWeDf2i9R05t6dlTUIuALwECecmi3te8OK9/n4fLAkV0tNiFGDOa1XTer6VCL/AEzUooyWCHNLLyPbh7iPaVjILKR+tfQXXP2g6fU6FrVzpunsbbW3z7LSSft3rgdZ4m0j6bzbmmtPbZobzAGO33HzWQUDY4+82HQAG6/WeZmRAZjtPH/FV3VY3AUX0j5x+ld3fPQNfor1621tLwBKIEIiuKuqouGGLg5JiJrhqWDXNzDqocKDZMYdH3KQQPSJME80ZY1Z0/jDRlm9F5fKMnJBBH+5qvpNhbenLkmO0e1Lev6g2ep6a4mChESM+9etqEf8ZVIGMzJpOV1xM8S6BdIAoU77V1rbEjtODV3SNTvvWGJ2tctwB8inXje2uq0Tam0Bct3US6WAODGa4nQ6v8PdssCSyPIHx7V442sb/UT0tUFS11nNTrW8N6S6xeGG47ole9ZSxr2susXDhQxkCeKyq2n/ALD9P/1M/h6f+JjR2LFtwI3H371dpQEMqScH0hsE1TctiS6mADjmpSVVXO2BnE1m8YE7bqPqLYvuITaJgiPS2ZJGIq/SsHV/W0yMD75NK4uM0oRsIkQDzTLSOvmBQRtIhjEZp3G47R38vyowBVaAjXz5MBm47nms0ZfeJO31SF9xWltm5lLimD2HH3q23bNtlckBx3rgrJSqcfECTzybl6DyrzushFzB7n4osub2laQUxge9VOPMthpMvywH+1ZfVQotkhJEZkj9KoSiEUf2nbKJqC7NlwAjCnkkVjOCSgwYyTjmq9SoW4AWAMjiYOMVnlbgwMmB7TUx3JPNf6ibyCKFSgsCQQW+qeeKXai8A+W3YkAZxRl0lgQrggdtsRQL2gbigiPuDSZrbAx20SJVdbYpHMiQW4+1Am4C/wDC3eKZPpyilCygA9xSvUWRMhonkxTqVVjurPwnZNlhRMhqLgZgTJ+astqFG7IJxIqFkMzEEiAD/poi2oukAkyfYc0b71A1brX+pq1Zt8i3BMAkd6aaPTtatZUkEzAPFBWFhhOecFcGmVk4I3BRERBxT6YBbOPKUsciXbFuqCVgz78VeohAR3MZ96p2zEjt3HasW8FEbxDAc11hhY5udTUJy3jG7u1dssIaK51nAQ927TTrxf69bbKngGQPvSMoSrH2NBqOTzG6zkzFYCRUSzLxLz/Ktou5ySR+QqLAHAb44zVUYLzmccSy1eKPu2yRXrnStQz9I0OpknybytIPCtivIVUSVBMqZ47V6X4bvNc8LOgbG2D8lSDUzQIbyjcDme0+D74OjK5gOyle3PNFaFSj3FgkSTHvSbwZqF1Gkusjf6twjOCKcWWKpvUid2SK0+JaA1dzTu3IQT/UlrHW2jMQRA3HM14p+1zqSjS6bRqSWLlyWxjt/WvYesXCthlSB5mAe4r58/adq0v+ITbDStlFUj2MZFNqum3aO8m6gC+ZxzEliPjtTnwzD60DH05mkrGHwZBHtTjw1C6tjO0xGTzWUEKLORM21rsTrdBbtXeqWA+54YkEmKD8U+JP8P1FyzZxd7k9v7VM6v8AAsdV9flISoGTOf7iuB1mouajUXbtyd9xpJI5oLtJocSzOQKPeNdJ1q8Lwv3L13eDIO7vVus8SavqJCX79y4qn0y3H5UiDfuwpyScQM1JW8kwe45HNAjGYgY1UOuaphgZB7TUBrriKRaOw8yDQe4zgkzWnglmkMD34pQgEIahaioxt9Z1IIa5dc9iCcVO5q11tpZvlGGBbgRSgKzZHFaWVMkxmj4Yu5xZqyMQu7usuIOZ7GmNu/YvaRfMGy4n1XA2D7YpHG4j1c1h9p/UUdpxmqiXnm53tjavTlKxu7xXL+ImjUqOcTzU+kdVK7bF5x5cyvwap6+UuaoENPp5AxFelqaobSAExrp1rm4z0l27rfDd4XL+LY2hT2Fc3YMX0zwRxTTp6236RqULeoNMUmIYcZj2rzEA6hc2OSwBh92xd8x4ZYk96yoC3qWE+YM5rK6pO3852fmEXGWARMGDxW/PFv0tklok9qHtLbvlmG2TJkcxUmsAWlLKSFyDAx96zNplTRFG/QmasA23Ms3KjBlX0oCCScUVYuhQQQYI5J/pS5kDD1KGX44otFGAo+STiKZBeCf1iAm9pzH2jvFVgnDAGRzFELqR5G4qXxyKX6eNgLABu0DtVocEbIO74FVbbp01zPvIxWOI309xBaQkBtqzHxTPT6U3wtxkEERM0t0tlb62wM7V7DvTpIS2u1NygYET/wB/4riS3vDnyllINi8RJ1OwbesChd0cCePmhk+gnBxMTTTqNiNaLxUNbjgYnNJzsK+kSDj7RTgbG+Unu6dhi/UsQzEAmRxVNlJ1Sk+oe54onq+g8m8qiWLKOIj86xAqXcRvGMRFQJJHXn7TgRwDgyvVWgGZjLHvHFKdWhRZCnic091KhlIVe+RzSXVqptqSR6RtzTgNvKKPvDtqgTkwVB5mQBgmY7mrv/iaVEn7zQ9mCpg9/eKvCCJ2gknjiqEtpZPEnYJIEIstvwV2/BxRN3WlbRG8jgjNB2SrjfgR3FZci8xUID9/60gDr1cmcuLFXLD1G5dBQCFPLLUE1LIFEE5iZ7U56H4T1nWGCaRFuvuCFWIGT96h4q8M67w5qF0+v062bpO0AEESKo66jLuOLhDG+qcb4ruzrbBAJG0yD2pKbkIePfmmXiVv8zbgD6Y5+aTtxFAC6uU55lqqV/Otlhw2J4zVdsDPP3nFSYDaO0k5NOwIEoMnaZu3G5cRPOa7zwDqlu6a7pbhMA7ufeuCRd+FyO5px4Y1o6f1W00wrGDNA2crOWsAz3X9n2o8jztIwIa0dozOMxXYC5tsMIJIPIMVw/hkN/iReMXbYkzyR7V2Odv0ndPIptNtwFc9vlLkk2LwYm8T9UGn6c90yBZttcJJmIr5t6nq312suXrktcdiWPvXsH7UusnQdLuadZFzUEoT2gV4vccFxuxSEHkSTlSa4keW4z2FOfDAnWErjHvSYj1wOY57U28Otte4/AFCsWZAHNDvDuvFl0AgECATtPauWuNuII4PzNdxf0iarp2rd8+XaB57zg1whUBjILfagnBBHEtrYqaBI4/WtlXDKQJn3qRIVcCsYhgMjHbvVSxx5RQw27jJWZgqygZ5JoxdMrDj8qDtLvuDkR35pnp7o2lYJB+ahqMe0toqt7pG3pkCiRMfyrT2FuAqUBJ/hFMNPZDiCNvcS3NX/hFKyBn781lOrRnoLpKAe9+U599CoQ7fSfvQro1ufaYroXt7A6m0YHel16y3lxsg9zMCrpq2aMyNoqpisuVMgCRV1+/+IUMYUxk1QRyazlTWo5mAgAxh0u4sXbbCQ0Rn5oK6vrYcQaI6Td26sDbunEVRq2B1l6BALk1Me8RGaitCFrqWCgbhxWUDWV1Q70nY9Eul9B2DISPafamNrTlrALZ3E/UMTSPpm7T67U6YNgPPtNdMbRW0rAyCPq3Y470hIDAGsccD+Yct1ViVppt2meVAuBeVihmV9yyGJ4knmjQfLtKiGSRuFAXw6wWJBAG3PFIHJYA8/D+Z24nFH6xlpw4LKJVSMDmjNNbubFcnaZK0uViUD5k8wcU00lq5c06lbkRPPapnaVpm54EQg8kcZ+cc6C61tlkD1QOM/enyFiFO+GVsAZmkGl07KqOWbAHAyc050zh7bBv9IkA9q1q261+nH8SpZduf3ktcrXFMfUMnbEGuf0tlzrFRl/dyWOBTrqQCWCUZeBilfSANTqLjknaqxx3oW28gtIabUaqDdVQtqrTgMBExH0/alrs5cuDkninfU23MQWk/THakt5A1xjMse0UNRukbWv0/nt94hULxxNXrcofikmqLF5htvHODTog+Xc+3AOaS3rcBhuZffJ/vRezVmWvFbYH5m2T9U/PPzV6ksGVhK4k0EQjE7mPEiitOWBWYGe9TJKAWRM5LAy+3ZBtGeVOYrdqTEqEAzPetEyjEHjuRQzboGZ+K5nQvQyPKObWz5z1j9m1y4mlvkOcOCAB8UD+1u8+p1HTj3ClpnkzXJdD8WdS6EI0rhPUGJKzW/EXXtX4j1Vm/q7is6zACxz3x816LOnghBzAiEMCBOI8So41dsFSCEHelbelD6+fim/XU8/XgtJIWJOKVtaUEwW5HFZGKsbHEcdVkSP8A68VhLBgCcVd+GBYgtAHuKibCjj+XemGbJNxjYOZWJnkjNW22cXkZTkcEc1Dy0UiQY+BVht7SDg8GOaSzfRAwrE9I8H+MB51nduDp6YnkfFerW+qW9VpBettiTK957141+zTodrqXWDf1SebatYW32J7mvUur9NsdM0W7SXXtrcJDLPH2pUBVQV7S+kdygGeKeN+q3Oq9e1Lm4XtK5VB7CudvbiQd2Pauj8ZeHL3RdYt625v6e6SQ/sfY1zV23vYEH7mhZB5kWG003eQMj3bEwBTvoKFkubSZjgmKReYCI4nGaf8AQoCXB6gfaPimJwYFVbzGnUb76bpOpRTsNy2q/l3muJLFGJmD7V6C+hTU9N1SMJcqqpHM1x+u6E+kVzu3Ac44pV1FAAJmkq7KXVcRbAIkt+QFaX1NC5asJPAJmmGis72UwfzqjOFBIkgniAVIaTT3LjAtwBMHFNLe5w07lI7ZqAtEuPUzAZmo7xacw7mMD0nisLMX45np6WmNFgSKB+UOsDyZIJJgz+tEi81wLKttOJAoXSX0J33ZQEYkU502n0eqsBUuhmOYFZnJBNmeilBiFNCKtTuYbgYkZU4pdfU7TkiR34HvTu/oBbfapwfcGleo0oVXEYOBHau03BMnrowPGfSc9qUliZke8VSRReuAVlMt7QRgUJwMGvXU2BPAei13CulXGt620VmRxI5qGuO7WXjydxMxE1PS2rgcOgYAeqeKqu3Va9cMly/JNKK3XJ2SLlYiPq/lWVlZVdxk9h/KnWaxE0fXNOxIIuCNwU+9dI6qumjcu2DIYYifaub67YYWVvRBtvM0y0+pF/Tpc43LMbo/Ss+qApDLg97lSXUAcwy1bDWiR949qrvWhteYPpBmIA+K0i70eRACkkGealcJKySJIggnj4o9RAqcSSN3eT0jHaUhWUfnTvTr5YCkkfwiO9cxZm3cK8eqc11ekJcorwMSGBobSBZFD1mcFX5GY2kfhxDBgqjO3Joq0fQ7YHAURQaqibzAmBEtVyEleRAFakYLyB8OblRk13lusUNpwBDMY7cUt6DKvqC+FWcUTduwS4QF4gk8cUu6UzJavhvSWMg7s0hI3GxzFL2LscS7qCG6hO5YGcUsUqWuN6SZ75oy/wCmy0cj3PNLVIJO0QhPvSMV3cf3ENgUDIMS63TjBMAClusSLJwJIyeaN3bbd4AkkNHPzS7Vv+6IJI7zXAn6RAGA5i+yCOOOeIoi08kMMjnK0EJLnkx2BxFXWQIJUHOBmuFA/GcVzVw22CwkuoEe01gtcGZkjJFDqwVCrcTOOasVmZY7Dg96CgF7Iz2jD5S6UYwxx7RzUlsk3re0woxmo2WDMDBaOSxogKBlUDMM4PNFrI4zKqTYIM5fxGZ1xAcYA7YpW14hCAViaZdeQXdQx2w4A70qa2uwgwPtzNO4VRUKqpF8zLV5QZZo9sVeHRieGkzPFCbQx3AhiBJlqwMS0iDPBrrBN9pxF4MMUmcQc4A/2raKC4E7T3mqA5bEDGJmrBtjPJ9jQwWxHvdeZ6V4Gf8AwrpyX52KSzFh7U71njK1qwTeup5YjYvt+Vc7p9To9L4bXT39SmluhAyi4csIFIek+X1W9eKGWsLuCyPVS6x6QsGm+yqnYdW1Wl1vTblq4p8m6pJaMowzIryW7cG/BAg4xzXovVbovdDYs24bTLDkCOK88ZFJ2qCfk/lSowogD/Urq3yamtPa36kEKI5IHaMmnHQ2D27pDAbmMGOKVaTWfg/P2ek3E8sknseaa9FVfw8jcMyTNEgsLPEiprJE6rRts073AAQCSvecUD1NAOj7zZDMzbif4fvRukdU0DDbBPEUq6jeZ7DacetSMjdx7RWTXUK4cCezo6p8IpOPu7F1DbDInimuhi2yqVBMHPNLHt77xUqQQeD/AHppp0lsTu9uarq0VmPQB3GjG9qxaIlrgXuIXig7+oe1eCpaQzgMw7UdpdOLqwBmO9Mz0q26jzgbRj0v2rBdMNwuez4Z1PdMQX+qXLds2rlm3vEgqonEnNQ0doXLqsoFvcZxR+s6aDcB3hhwSO9BMha8DuMKICg+1Pa8LjzmRtLUGp1EUDGWu1p0loKxbHzmuf1Wtu3FJ3KFJiTg0fqtQha3LbjAxOaA1yHVEEptAEcxNNpBVORD7Vqs/SpijWu7EBysniKptsquJ45zV2uSLkAkQO5oTyz3Ir01rbieM5O7M6G/1mxd01u0qopVfqAikPmAuY/WpQKpiXIGM0FUKKEUsWl2+sqkgg81lGolCeg6zTNf0rISDIIiKX9Aug2Xtsx32iYx/wB705Zi1zBIE8Ec0jQnR9b2BtqXQOCP+81NixJDR2I3VHYuLA3XCQcTHP3NTZiVIBCqoxjiqdK+1nHrKqDJAEVeXNy0+GiJ2xJoqpYHd5SVkj884FaUJrTL7lbMe9dVp3Fu2hwRyccfFc7bmzqFaGWRIkA0+0jytr6w38M02mSoGeO0II5YxmmokN/6jJFEK4NnbugzzFAooQvO5pg/lUzqDKyMDM8fatAXZTLFQo7F2hFssbFwyCInPY/nQehukFmYhjx9qJFwPbIIMnjPNVWLgAYmCBE1FrbrXk8wqu1gt9pRrCGskSASeZpXZvwzDED3maK6kwCtsHace9CW7+07gpCxkTxXf9qOP1igFhgwcXIL5HPMc4pfqry7WWRtiJjNHm6QGjjkt/0Ur1DEs+4xnB5n44pbY88/OAirxBkdi842GRI71ZacWxJ9I4n70O7y5Bxj4zVttyWHp44X5o3i2ENbjYl2dpAcsQeKskyE3CPeqrLnaSAZngxVtq5LEGYBjAodQJWdjdk49ZZZubH2cg+1HW2AB9QBj86X2WPmCCAO00YLoDtOABz80UsjdcYAFqXicn1u7/mztOCAYFLGlw0nv3pl1V9usKzmBAoG5eg7eQOZorp0QDmXFDPaUXPVMGG4Psa2xgA7jmsJmefyrJgmJGfvVRd0sXgG5KydwY5/vWOQvDEferxc2gdl+1DFy5afv70rBgYThcDmX6nWPq7iXLj7iqhQfgAD/aiugdRTpnU7d64zC1wxTkiljGV3A89q3MjnNd2zJjAFR71XxM9/T3NLYXZp95ZZyx9s0iFyTO47j2NYWO3OaqJGMGphSOIxa+TLsGTIJ9u1dB0UltEDIHq74rn1aRkfyrpOlv5eit4aOcV1mqr0gUDgxu11US0rXNq/wj+9CXNEd9y8zBUHv2FXXNRvWwDJIUTIFW3Nt3Q6lATlNoMcGk1FO3ap+fwmtNRUa8TkA3+YO0yhP1UfpSRdmZPYgUFp2iATB+BR2nU+buUszRExUHz0yyURuAxH3TGFq+CeSIn4+1djqWs9Q6Nbti1N1BhgBxXHaAb3Bk7gJg8iuu6Zf22CCYMd4mvN8QoavM9/QQlK5/ac3c0i6W1du3bgESeM1zJF7qF8lEIRW5Fdt1xEv2LlsDbI9vmkaPZ0lso1xpPEY7VUNsvuZPV0t7DPEGbw7cs6YXrgAnjM/wAqGGnm2VLAZMEDIop9aNxti61wEjOBNZqXVQQASoGOKnue+qZ2GmLYG5yfUoF+A0iKCZSTg0Vq7vmXnMznjiqWQASpJ9wa9pLCieCxDsWlIVz3I/OsX0tJq0EnkRVRBLGPemGZC7k9y+1ZUfKf/prKNR9jeU9EVGUkn0ySBiaT9dW5bNrUoCBbYDjtXQAW2vNc9YHcAjH86C1Fj8UuotkQrAwS3EDFLtYEE8nzFfvEYkAkTWlum4gKjDqQGVIq9WulGWTMZIHNJ+jX/MsG24/+MkEzmmtu4jbT6gvGCTNTYDYQ9D0/eEAhqFydn1kkIQIieab6Qk2lWCpGQYzSnR3vKY7sAjse8+1OtHqE8kPzPsaVE8Mbgb+ERhkgen5ULsXAZ9RHp7/0rGbcrbfgCTQdi5LEbZERMx/WrphjO0ey75JrRply1fSNtVcy+5qPLUicxj4qNjUxaJZQCT3j24oLeGZSVgFsmck1d6EsXCCJJiN1dp2pog2YKJIs4MC6nqHuGAVAn6RiaoCsAAqkfNEahUcbiAW+Wj+dVWSAWxE8Q1cu42CPSzJkKFvmC6jdDkrg9xiaX6hz5bScnE0fdLK9wMm5ckZpdcBAkyF/hB7UrEqRsEZhu4xFwk3DuEn2ImiUIYAlMHBEVQwVrjEYg/xVfaMLgx8k0GzyYptTUuslifYDMe9Wm9tkARnmh1vATIB/OtSRJJ+cmaAJBYQbbxLN7MyhVPP8qutsyM4b6TEqT3qmw/qBGSBxRNs5ZhhiMiZiqabELz+fSOB2Hac91hlGpJAk/rS4uTJiDMimPUrQu6lnAPbIagTaMN6c9pNCgGzLEUc4g8kBiRmpLuBXBE+9WCxLncIURGavOmUqTuLEcCqk7RZ4ir1GgZQ912XYcgewqoArwO+au2BQsYJwYNRZdh5qYwaEcntK2gLCzPzWAHkVIKDJHbtNYskDA/XNGyTEAoYkJkDuR7VkxUwihgD7+9WWtL5hyYE4APNDcO84JcoA9WAWBrpNEPL0CAsRiQOKWW+mq+4+ZsC4iczVqaq9pkIuNuVR6anzxOOOY31upOnt2rswCQDIzH2oW71+7qCw0lsW02+t3EzSi/rrmpXawILczOaqRyqMowpOSTRINZj7uQe8uQlTEY3cGDTHQ3/WAuDmIoK2JCynOZBqaEWLgYGfiaiwtRNaIQQs6fSvscSSBwTRza5rKFhJ/KRXP6bXo+ZKkiOeaPe4PIKkncO815mqgsCrnt6eodu0Ga1nV3ZdzsoJHBpWNUrOSiBjghnPFHXdJbv21IglfciaoCpY3qbUsMfarKBVEZmYjUdhfB9YBqLksFC7M8mrV8/UWPLtKz3TgKOSBWr7o5JddoHIBzQWn6qbGvs3LZICngntWhUsURxM+q4V9oOPOC6nS3bBYXbTW2HO4VSUYofgV2l3q9nV6eL9olSfilGu0OmvITZx7QaoNYEAcTK+kVOG9O/6TnHDDitpbDDjNWXkNtjNYh2tiQT7VfkYmNlNTPKcf6f5VlX+Qv8ACv61lJvi7z/lO7a6wNtiQoJgFEH5zUbwlnXdtI7wBWxe3rIYtJMY49pqF1BcMvdIJxJIn7RVmveGZgOb4/iTYGgS3PaJrbnRdXe2rQt5e2Ka2r+y+U5kcEDFJ+uAWtRp76mACVJIpit2Lw23IBESwBiqMikFWOJZWLC+4hCXYvFi3BgemmOkvi3ZVW4n24pMQBdA8yGUyAcn+VMLZOxVMtzOBFZN5RtwINyDUDTd4z0uoENnMCFgGfepfiCVyDuQnaMYoK3qFtJJhpEYxFSXULfld5JA5xWsDJ3CcSQAO0uLCULLuYdsYNZ59xVKlsbZg1XabMbjE4g1BgAz+osDiSPvSB3qlxFU7gATJvdZl5kg4IAiqrd5hcZiRtDQFA/Wt8LAYjifg0OtzbfOce+2lzYURaxzIaq8WLENk42n3oG5cm2S7mRgip6qC1yTxkDHNCugKhgSD3iibLbmMtYADEZghcoWgwDJmOKkb231Zg99tU3CGBm4YJ9xUiykDc5j2oBbNjIEk98jiTtv6WWctkVYlwwRu+IAFDi4isSM/cVsPuxMCO4mi3LBeJy4scQrTOVfOPmRRT3iJm4SSMYpfaPrEEkj3GKMkEZYiRgxNMlmjwIQwNXBHXzB9WSfpiofh02b8EE8EcVIMwJOJnkVhdgshjMcHiubduJHM52owd7Fte8z7/8A1VflKJIfbOauulmJO6B2ETVFxmZQ0T8kUub4zK0VkAikYXM88VptOWIjYfbdVg5PqO0HEAe1Vn0tIaSabcRzz9oeRKWVlY4kfzqWm096+6paG4k4gUXp9OL9xrjsImDNdD0xLWmCpaAUAkz71NmKra5ldLT8Za8oFpPBmo1YDG7tuNgLtwD96TdT6ZqelX/J1ClWXj5Fej6TqC2gGEzM/FKPGVs9Z0YvETdsiQw9qlp6g9w8z0NTQA0947TjBqDf0rruhhmhruouRBuE9vitWnCOpicRAFRuKFQZzJMVbijPKUWpm2YkgyTj7VsICvIwc/NRYqIEzIxAq3SA7mtSOQadlCixKEruB7w3T5tJtJLRERUntsDt2lSPj/ip6HAUHjuImj71lbYDAyxnEViLrheJ6dWu5TEnmNp7gJuArMjtFMNH1dCCjnJMA1XeTAwT8DmtL021dYutyAOe0UWCH3vrI6YdGtZ0Gn1dgLBZgD7UNruopJCMFWRMDmkyWmRvTfZonMfNA63UOlwolycc1BdHqsGaX9oZcAVUu6lrfNcqpEd6XMZ9XA7VsCWEtJHua2UVi2ftFblXbPLLs7EiNtx2Bg0EqPtWiLqCFG5DyKs0Lg6JCxPEe4FTuGVYKSR7kxWI4NET0LVsnvFWqLXO8kc0MDJBOCKY6khZAOY4oBQGNalOOJ52oNpuT3/J/SsqUqP/ALrK6/hL7V8p2QuKwErDBtxIP+1Re+imSQ88Y/7igl1X4QsCDk5xB+Ki1xrr5SVJ5B5rSxogkfnxmElWFY+sr66qXNMjqAGVwZ7Cmgso+nskQbjAEwBSbW3FOmujMESJpt07UF9OjjsgNJeN74P2nabEKAkqullugAT2P60ZZO1fU3eINUXFLB7ozPH5VFXZbYN0QpzjvUmNsUX8+XygK7j18w5lCk+sEkc+1Yv7tMQBIz/vVdog2XAAU8nExUUuQ0HhuK1FrO4wFS7Gu0Otubl/JB+/ats2SmARnHeh7UqYCkiYB96y837ycA+3/ftUgjo3wi2tsJeR+7EGQCC00G4CuZbdjj3qJ1EkmDI4j+1RuXEa4w3bm/2oAXR5z8oAQV24g72xuJGGGM0DcuG2HDAD2I4ou6RbubdhAPJHNLtbdLWX5OJk1xFHPHaMuwYOIHc1KDeABHxBq0EuBtHopbwT81davlSuCEPANKOkRrxmHo0pwAR371gj0gkDPMZqGnv23IVVyOxqxn9MiMYilzuNCKAt8SVv0uGUzmiid4mZP86BtAohMg5nFWHUev6Sc81ZgQBHoe9LBi3J496017aCZAj5iqhfVtxMwDJFbF9Wn5IAJpW6noGC93JliMrEw0e5iosNi5gD3ArFXapgQePv81JjiNu48ZosG7Gv6hAU5uQADktG1cj/AJqq6iqQQcTk1ciFYkR3M1XHnX8TApCbtT2lUA3CX2Le6NvB5HamWltvtC7ZHFDaa0SgXke9OtFYOxRG7NYXYtgCeoigACatAyFLR7cUamnW9bZCeVIPGakunwJVty8we1G2UYNAXMYJ9qXaSbSbQBW3vPLNbZOm1z2wSCHiarvWzySCZpt4jti34gv/APk3+1LroleDtmt48zPnm6WKmVFIiCu7sImo23KXgwjnNEFVmIhv6VReUIQQMNRzwYWAqxHltZVXQDafajrTpdENBPGORS7oGsR0bS3WCEn0N/tTEWGs3oEkd/8AmsOqvYj5T0tJrRe0jd0yeYxUg9gaEuWwsjeB3xRzWtrYQLMwTmqDYbaYyOT7VIV5ypIYdIgTFUsEnBjt96R3oe8xAnNO+ov+G08LHmPiJHFJFBfcwwB8Vv0hY3dpj1zkBuRNH6lNWpAM4zWJZ3opzM0QyhBDGTzFOzUaMmve4Voj/keylSc+9EeWoXcdoxPIoTQuRYcRtIbI+9F+XbQMWEGJwOTWTUweqagdovvAb6Iiqd3IPIiaXOIYgHE05vx5cECIweYoPS9Ov6wk21XB7mraTGZtUbqbvA8/x/zrKdDwvqSJ9P6D+9ZVJKn/AMTDNo1D7i4E42nAqwaeOJ+wxist2y14sZDk98xmjBZc+oZB4k1ZtMgMDWPzymTVGMCJtWn7u9t7KcGr+jX2/DIshhtjIyKOu9Mv37d+5btu6ohLFRgClXRAV3jMpwD3pxp4px9a+3+4f/q6jG65l9pUnsAMxVVq6blvYTxiavgksfoEYJM5qmwsSscmSZkVAjYaA+/+xFF1QvzhVsjyvVBYY+1Ss72YZHp+f51U8C2QCfaRjNWaVgbLANLHBmqEgG1z2jthjZzCBcIk4J3TJ71ot57kGAQMCqWvMtxQVMDjNQu3CMCM/OanktR49fp3xIncSSJYV24gDH8/ehrrnzGjg9+asD7wDyAcgA/pVNxg11hHqA5nvTbG0zfEcAtQHbvKnaeRIP8AqPaluruE6YyP++9H3Lha223B43H/AL8Cl98+YlyBBPzNNWSStGHpJsRcIyTBPYg8VJgARDHafitom1xuFbuQHEAe3MCgVINVHbLA3chabaZBMzzOKNt3QykYE44JoW3u2IVhiJBzVpAUqSIJzM0AtnmAg2bEKDFFkFRH5TWrmAGAJPfuKrtElIgTM54rd27MpBApn01BFzgsrKk5DcHkCpkYx3zPaaklg3O+Y4FWjThVnnIGWqQOdoh2kmiZSLpVhkbvias3MwmASDM1MWcMfSxC8H2rPw+4kY2njdNcoBBrEsha7GRIPqCQFiQcSBV+nU7iuDPtihwvqUTIAyAcCmOkXcQTBNT1ECjA9Zo0wAeqG6WAq8CYOCc/bFN9KBMET/4kT/8AVBadSoYgGQfcj/vemVnAV9wBjvyMZrIVsjvX55fvPSQBQBcsJJZTtIzEAUZaG24JBIIiIzQbqWYDaWtjuDRNq6yiAoCgQCTmuCiugUZbLWTwJ594pkeIrxmSCPqPxSy6SxkAweYGKZ+IvV4jvDvMT+VDai0VVVB+CY5raCQoBnhuWLEgY85DaGb0qIABmCZrGUOxDxkdhVpLJCQFGFieKiYRmgHaaNHbHBBFHmLityzcxKsvBArq+i9aTWAW7rfvgsCeGpFdtyksNyg8ihLgdLqsCR/CVNM+nvUWaMCaz6DDyM7xrarcGBGQRBmI4obWXbel07PcIUiJnmk/T/EVywrJqT5qRAZRkUt6n1C5r70iVt8Kv96xeEXamxN//KAW17yjVXzqr7MO5MYnFSSyLaGeSMVLR6dt0dyc/aj+p+U7oLILAATPvV2NMEHETT9n8RG1G57RaoHliRIiZjiidNpG1Nt7lsYX47VfobDtvvXB+5tifV3+K6ToOt0p6fdZ7aW+Y/iNVIUE3Jou0URYnGWiVuMoO37im1sFrQJ+3FC3yt3VXHQALOAPajRba1ZnDAiYBrLqsCKlVQNn6fD7wG/IMn29qadB/wD2jldpG/O7JpXeZu6gkCYro/DVhToWZlly5gjgUVNVizM7uC1g8GXO43H1W+f4P+aymH+H2P4D+prKxHW0weBM5TUPnOd07O+p27oyR6Rnmun6L4d1XWryhSw0yH1XIAEA8T3pF0G1audXtW77Rba4AW759q9pFuz0zT2ksqLVoGB6cH719j7N7ONZy+61HnzPNd30l23zAE6RpNF0+5ordsFLilWLYLYjmvEW0b9O6/q9M2AjGF969iv69XJZrpVhugdmNeZ+NV/D+KPxIxbeCTx8Vb2gDUUE8idpEsKu4I25CFZi0/TPaoKu15MQBI2jk1NQ24+vcxBjEVLbtUKIBIy35V4RQnH1mkpsAZoPfLAjbcJzJqNnUmyMSZPNYbRuWsCV9+CKCugw0g/Vj3ApdqhsRGbOBnzjH8SzsRImYHvWjchwoICjuRS23qD5stiOZotS77mB3DkD4oV5n7QLRFtDHYKRlh6RwKqeUfkmMQe1Q2EhcbyR3NYxJuGfVBAj4oFM0MiDqA3DmRvEsDtG2czApfdkoZeQ3aJo64CEK8+84oNrbZG4fr2qnaziUs2QRBLqzBAwORWnuIQAMGYj2oldMTc3AkDg1JNGHIO0Egwcc1x967grzgqWioUJJLcj2oi0ouW4Jh/YipppmVpX37YiprpSGLEgEcQKO/cDODDdcpUbnQg5+e1EshkGd3fgVpbQt3Fzg/rU7aQSAST+tJ0nuYAOqxIgLIJSQT9qmT5lsBRWAsScjnvzUlXBjFcEF2scAhsGRBIhcA/IqTKZBDCI7DA+KwhkluCPczVhQhMx7n2p9xC7bjk9QDHmA2xuvOZB/KKZ6MZgfTMGBSvTncWY8EkjP8qbaQQsSATmaysNpIP6TXpX2/WNLF0K5Q+oj2o4EFTugg/rQdtNgg5XvOam15p+pgmYzk/lWQ7bWjxfr8hPRW2G4cj4yVzWlWTIBBz/APdX6fVBrTGSCM8TNcz1K89t15CsYLAjP3oh+pixoXeQWgwJwe2aqexF8xC7Cw3aJtdeOp61edWwGke1V8sSwkiTIFUWQxuEkwxE1e13cIURMg54rTV4HE8wE1Zm2JYgwSKiWK3JkqIgAirVQqfpnHIM0NqHKsZMtxRUKI7Fl6hibLlyAoJioXJZoGCKkijYDx71G5MDA20MYlirBcyp7JUkkz96xU8qByZ5NWC87OByBjFSt2GZjOQOaJNQIpZwBDumWi+9yMD86qv3W8xxAjgGmWnP4XQvgAsIAilFy4WDApxgg1jW2Yme/rKNDSVLzOq0ypc6fbR4ZPLUAEQJ70TY0WjRBvshiVMRnPtXM6DW3LFlyxJtgQFPAqi91vUXNy+Z6f4YphpAtdmeTToQxxct1F0PqrxFtUUt9Kjj2qZ3WwG3RjmM0DZeFJYZPeiUuD33AjvXMvlxIhi5IBlN+6xBEz9xXV+Fgx6cGI9Bcx8D3rkL/qOWgnuK7Pw6DZ6Ra2qSeZjmqpgihciEG6qx8Iw/Cu2QVg55rKqNt5MWGI7HP9qyr+Mw/wCg+k7xVHc/acxbvkKXAAZTuyDiPmvQuoeILmv8J2tUsB7MK+0HIj7150u1Xe3tJkn1GnnSeqI3h+/p8g7xM9s5r0F1wgYAYM8zU0zQc5qEW+v661b3+UbloLMFDSjrmpHWVe6oQXlUehvjMj3ph1vrG9fIthVRR9QHNIQcBtsDbEgUninw9gcx9JBlmFY4maXUBkRjG4LHFWm9vVWAVSO+2hNHcGna7ZbLA+w/rRBeFB2ySeIxWQMiHdzOpgBjiSa4xBYkGO2aB1LwrARBOGE0ZcBaJthRHMd6q2ysFBt7nuaK6oY2Y4Via84tt3j5x3FTJySOKPtOSAAok8Y/2qFuwWYwBM4BGaLtWxuhx6vtyaFre43Yg28Cbt7SsBQSOwxNY171MroJ7girXKjDHMdh3qDqFuMTIbtIri6pgE5nFW4PHaCM+5CCBEwBFVlJmVX47VK9OIBHPHapWo2iRnuTzSlxdrxF6hjm5lpTsztJ7gg1OSCFGFMGRNbVQu+CJIwSKxDsEHkdoxTs1YUzlFXiYVbzIVFAiSQKicmGgGMR7VbZIDMGwf8A15qLlXP0iRxQG26vgRsk2wAkRG4EqCR3P9q2I8wnlQBIA/pWyxA/eLtBEqR/vUlKrblQZ5OaYDuLgQE8TS2QVYACO0irhbG0epVIMGQcVDzJSCO/3mrd828iJ7gCiws5P6QhST1DMqVJmGBn+EYNUaj91bMvLHIGT/WincAyBJPJNBa65NvaRljiF7Vy1ZJa5YghhfaU2WBuLKgKMyBTWwDAIAH3pVpBscDJieab6UqREd/aszBeFJmzTo2DD7RuIvqAECI7GrPMJSIX04BJNVSwQHOOxzUHchQApIPxWfehAUk3NBwALxFnWGVbQaV3THFKLupN1QDG0DgUb1u+jIijEzgDvSkECYJGO9bdJiFs83+ZmLV3KTLkuEscgkDFX2oyxVZ+AaHtjbkCTyTFWPdQA7gQ3sMCiNt0bgQkAHkSxrwRVkhfiqsNcGFMmoWxvJ7jtir0tC2GJ4niM1zbV7zQiO2SMTTsBEAA+0YqE7xHuDyDU0stfbaiOzcDE0f/AIDqwqM2nMsIUkDJpT7oMcW9heBF1sqhKlYPvwKYdLvi0jqUVjcG0M3tR2m8NamQ9+2iemfUwGalp9EmjZmu6myr9ipn+lQcFxQmrRQaValiA9U1EIloECBmO1AWrZ1F4IIBbvEUfd0emu3N7622xJn6eKjpbmh0moLG610nAKrwPem2bVoQ6ntGm+pvc0LgvUbu0rZWNiGJGJoMkMh/0t8CKL1VpZ3oTctdmNC3CWAAAPcxXIaoCZ9V1YlgeeJZbJ2H8piiDCY9JxgCh7bNGAp7Zq9iyoWAG7j6RVHJyLmLaQOJTfMssgARgRFd30hFs9Osjg7BLKvANcBdckj0iYifmmei8T3un2xauoLoX6SZGKCjFgkGK7byQwudyLwIG26Qvb0nisrkf/zN+1pAPtWUm7X/AM5k8LRlPmMzkTncZYGq7FxkvXbe8bTk4ic1K5i4nyW/rQtrGqufn/Wtuqx0ztH7/wAwam0iq8odfvS8FgFiM9/ioWS0ESY7QaDLE3WBJIit+Y34c+o44z9qm/QFbuZPcb2gye1k1iErhvTg1aJc4EYJ5/3oXUkrdskGDv7fcVaxP4UmTMc1PNbpYghbBhiKYE8wDzUwQCQIJn2oC2xN5ZJPFGXsW7ZHO6JpNKmNGFid3pMtFTcMcE1Isq3CCTv5MVSmPyraZ1FycwtOq9TWZAMzULloZWZSTIjiq9+QAfeSDFU2WO7k96zcTdEk/rU7xcdiUQmYxEMVMweWk1C2CCWYqW7Dg1K5yfzrWlUNyAcHmr6KB8jEoq7yKxYuWKdkq3fuRUVb1BW2+kf6a3dwt3/1qWk9VsznB5qTsUNHMm7bTU2o81DJInipKogTJz27CrQALafaqrmNPIwd9INW+2IFO5sibUqGM59hWwxVj7UN/ruHvFSk70z7f0rSCSNvrLaQBQEy1bsEARuJmrN0gk5z7c1XAmYzIrJIHPf/AHNZSwW6ElvLdUsRjBYMwnhQJ/Kluuurd1BUFh7Tz80e5ItOQYpRc/8AmP3NXNG3M3MoAVvMQ3TQu3O4/PtR+muncoZQftSvSE+/+qP5UeSRJBgx2rO3BYyqCyIyLMu9gYJGQM0NqLu2yCcD3qy0xZwCSRPc0PeUfh3MCdwFRUA6efOX1emItZcFy+TEgVSVYsIwPkVLUfR+ZrdsywrWCaueYTvJMx2EjbwO3asRPOmQYB5HFa/1Gr7XNr5Of1qm2n2d/OV0xuh+g6Zf1wLW12ogk3HwKJujp3TSwc/jLh4Cj0g0d4juPb02nVHZFK8KYFUaWzb/AMAvNsXdAMxnmu9o010lBF3c1vq6i9CmDXOv6rS29lmymmVuCF5Fb0q9W63buXVvM1u3PJj9Kl4nAF3TwI/dLR3QXZOhelis3GmD8VVGAHymUBrIBnPaZ7mrvG3ev3fqA2oJJzRo6XpTrLlnebvl2i7E8T2ig+mEjqF8zkKxBojpWbeuJyY5pEcFwpEmymxmFXug2n0ukeyBvkG4O8GM1p9Kqvct2gEDq1wRkkDtRGiuP/iN4bjHlDE1BWI0wMmfJfNT1XqyO0Y6eR8TOeN63+AW0QRd8ySQO1VA4YAbgO9QTJBOTVmn5alOMxx1Vcnaum3bMMOcGKuYNslmiRjGK3aRSjYHftURm0s5xScmXAO0E5gt3dA9+eK2lwXFAeC3uancJZEkzzzQa/WadciRI68w/wDBf+afrWUITmsoZ85PavlP/9k=","Ronil","Gonzales","Cajan","Royal Blood","aklan","1980-12-23","40","Single","Male","Purok 1","No","","19512659595","cajanr02rtrt22@gmail.com","","310 W Las Colinas Blvd","1","");
INSERT INTO tblresident VALUES("174","","","data:image/jpeg;base64,/9j/4AAQSkZJRgABAQAAAQABAAD/2wBDAAMCAgMCAgMDAwMEAwMEBQgFBQQEBQoHBwYIDAoMDAsKCwsNDhIQDQ4RDgsLEBYQERMUFRUVDA8XGBYUGBIUFRT/2wBDAQMEBAUEBQkFBQkUDQsNFBQUFBQUFBQUFBQUFBQUFBQUFBQUFBQUFBQUFBQUFBQUFBQUFBQUFBQUFBQUFBQUFBT/wAARCAD6AXIDASIAAhEBAxEB/8QAHAAAAgMBAQEBAAAAAAAAAAAAAwQBAgUABgcJ/8QAOxAAAgEDAwMDAwMDAQYGAwAAAQIRAAMhBBIxBUFREyJhBnGBMpGhI0KxFAczUsHR8CQ0YnLh8RWSov/EABkBAAMBAQEAAAAAAAAAAAAAAAECAwAEBf/EAC8RAAICAgICAgECBAYDAAAAAAABAhEhMQMSQVEiYTITcYGRobEEFNHh8PEjQlL/2gAMAwEAAhEDEQA/APz3t3iql2K7opV74uvuPBzAHA7VIjfkY8BZoVpYukuZHYkCK6EmpU2Rblfy2O2iCgBCkxg96P6n9QAxEZz80rbZckyBECACT+9OWAhkwZA/uA/6VZJRbdl4yx+wRT7goEhcVpaMI0ARj8VnqwW5B5HEmndDcG5AZYtiaCV+SKuSbsc1UnT4ALHsKWz6Ckqo75pjWP6mlHv9MTEHFJkKtsAFyB+azkkuvk6GvkN6faWkAFu9XZDhjABEx80LT+Yxg5qb12ATJntTXSwK26xoXuXSUILR5JFLvBcMfEbqvcc3B7eT3oLvLQNwA5A7UFWFayS7WrXg8/8AVTEaZQYlmgya8+t0hLlogOCQROYr1fV7C6vTujyYMqe4rx7o+nvlZkqYk1OfHb2GVXaGtQzLajjFAt2ixBKiaPqG9O0IHPgUDeyjcMHihK5NU0Tcr0gtsxuxx5od6+vpkrJYYil72oZpBoCExSOPaTi/4Gt+EE9VUUEgF5kVpWL1vUWx2YcrWOWkA/NGtObLqwzBzTq7tPKGTpo0dTbKWt4wAcg0kNUp7CfmtDqj79Jv3ElorDOBNCUXHEXX7GeWaS6tFPyePiir1FQcNn4rKM9qicDvmj2Uo02GOF+x6/oujPVldvU9oMQT3pu50S4jHY5BGJ7Gq/RqNY0RfILvit8o+QRMsJFVUbyXh/5E+yPOHpesQiSTNUFnU2UE2zk8mvVJbuNdkH5iBR2snbbLgHMyYxSdW94BPiilaPILa1bQRbHnFFWzqVE+kZPYV6W1Z9SZgxgQKulshVJ5/wCVWik2or/n80NLj6ul/U8rea7aZVvW9jH4g1W3q1VSvBP81X6u1pHUFTuiQRWXo2a7ljiea3Ekp/2ISk4uqNsaqe8RR7PUlD7BHM+KzEIX2Hz+9Asbm1wJHk1VNezN/G0ejTqDIyqSJ7Z5r6V/sp+prnSdXcBYANnnFfIFYOVIJ847Vv8A01qb2l1XtJaJEcV1wTr4sEeRcdSktH3H/aZ9Vnqf089o3cV8C1F5WDHucQfNeu631R72hdLjNJH6W4rwVy8CDDAgGBVOS+PBfllGclWBa7d2sx2jB7Vn3nAb9MkmeadvsWSOG+az7qurFSRP2rzHFRdsi0nyLBxbcAJlvA5oNxjsIEKDjmuLFg08UCWUCDkd65K6+dglL5LyTcEqODQnBbbAAMdqsRK89xVbrs0CQQfilalp5NbaSK/3cAwIk1yx2A5jNVUFj7mERBqNpwCRHanprCdNmaLm4Af0j9q6gbif7TXUf8vL3/X/AGFPbkQREw5znihsAbkQxtjG6MUqbgUw0gA4I8Ua1qVbAkpPLd6opKkq0DkjdNobtEBpaTAkQaZ9U3GUKkSRxWWtxdwJAacTMGn7LoLqiZA8Gt18yZVTVVQ4F33GVh7+ACaY0xZG2z7RQrYF1iyEAHMGriUurvYbY5pVTdpkaWE0ajCVtgA8iqahAVYL2Oc0A3QyBkMrPmouPKSBnvJp5bedF47eMUFs33B43TAI+atqbmxB2OcUvaYsFAwZ8xVtey7Su6XjPigumX7Jq1dMTS628gEx/wAIzVrjeqDAHmYzQkQKk/pxmDVXfc5/alX28eBXSSaQDU+8ZAEeDWDrrKC76kCYmK2dXJDBSVAFY+pm5B74qs1p4F71mhPUyEJ4B7UuilwIyPFG1DSu2MzzS7Qk8kCuSUb+hu1uxK6ZbbwZruFjbJ81XlqujQ0VRR82ZyyUuYA8zxV4xnAj+ahlkE4x5rgAojNNTM3dIfd9/S1B5DRJrPKymQSZwVo5MaVgeAwNCLHZ3FJKlJNjLdFVQAk9vBriAFHINWKgmSc/FQePNM2llMLd6PofRBbt9F0zoIJAn9627dq4zB0mGIJk9q8j9P8AVfU0AsBB6aNETkV7PpTg2QOZFXj2zK8F4SpVQVF9G4JUAsJxRXtf01eD7WzmuvoFu2S7TmJJmmn2iyApDDcMClbuORrai1RmaZSBeESQZiqWwWtpxGSaNaBD3wex5HNUEWrcjJgyaKbtJBtNNnzj6r3nrN/k4An8Ut024WZrZEQOZqOu3lfqmouAwpaJ5oXTm/rjbxSqWbZx3abNZZcqSfaJ5qUAVlILMYz+9QDtMcgdjQba7yDOA5mqXtX+xvjdxGHtSfaWHmTXpPpm/cs31BAfM7iK8yG2xBkHtNbXR73pOvuiZz4qc5yirujo40pTVnpvqHqCXNMNy7SQRjvXgr6K24qSgnABmvS9XvepYhoaBivIaizuJ2krGOaePPOcU3L9xOSKvCLN6hcCd8E+04ilHve/aRBnNXNx0dQwkExI4FLNqFeJMEck1pu6br6/6I07wy4YbY5zQ7jAIPbH5roUcHJ7ChOZQhWJAPfmuZRV7KN/RxkKREkdhQixJDZIOADiqXd3piTg4qh/Svc0XJrMmL2vQU5IIGR/mrbgMcx5oK+7H8mocBeDJ+K0l2WBlJ6kFJzx/j/pXUCH+f3rq5/0pewdPs9XdDveYCVzOO9RaVjdE5BnkUd7xQgGTOJIiaWN1oIDEHPAqzUry6ZTOmXZPSu7xnnFF0Ynd74+JpRbrKwkk4yTTeiJncCvzjmircEk8ixUdrwaeiuQHVWJI7k0/adHSC0+3k+azbXsVmP93cUxadrVgKACGM5FV6xUae/4/wDQK8jiXCI925QKJYHqXZIhBg1nOzujAYAI7DitPTsRaBgEk9+5qWnd1ge6bfsuikMSOxABqusB24GYq1u9lgrgw3cUPV3t4B3Ag4wIP+KePWTqLJJrCQooJtlZGIkHtQrk74mD96K6llJBEDml3M3JbP4qVxl+LM0tFNV+kx+/msbUKPcADFa2pdtoUn8RWXfclmyIjgCq91rtoGE9GbeBRYLE/FL3ot2Z5MwRR9SfcB2oOpY27JYwfjvXOlGX5AuKwkZ6n3HEVbv81AbcSe/zXETEkfiqqSfxTC2vRLAxIP4nmpYgqMQajbDf4qc+Vp0kvIPBZnAUrOfFVc+wGZM8GuJgZiahmGz81N12oemzgAp5JroBGTtHeuDZ5FcGGalp0ymtGh0Uldau1hBBivpXQ3LIuRAiQK+ZdHubeoWswJPavpnR7gBtkEe5duKvHqpXY8G1l6NjX2v6dm4DkMOKh7cqskkA5xmmtUm7QBhysH+a6JVfkzPimb6+cjRdeRC1bDNe/tjuKR1bCxbvmQFCE5rVsJJ1Hf7iKxeuzb0OsIx7SB3xFHvJxtGatYR8rvFmvu0ypM0bpjH/AFUgwO9LO5BgcUx0r/zYA7ikpkIVeTbRWu3NoEsTS2hJb1FIhg8mjb2Qs++COCPiqaK3eu3r10ptVjgCtJqGEzTzjQR5B/SF8xTWkukMIwBzSmoO2JABnNWskqZH6j2P25ro4oRm+reTRnTj6NDUapmUjdkZMiso3le66TB54rQ6j0/VdI1Is6pYdkW4J8ESKS12h/02m0OpHN/cSfIBiqcnBFzl6SM+W3fsBcaAsmCe3mgXkViZxmiuSUGe9L3GJ4rgmrfWL80GOJWwFy0ADtMT8UAbhIBj5NMMSFzA++aGLkRuXA5g0so3KosWTabfsj0yyfq3L9uT4qLlop79sBQJHmmtOGvuoUewdjTtvRevq9XZOD/p96iI4iqz6vjtMVPtLpZjWHS6XB9pjANV9La7QJAJz2qXH+n1CxDLzxWlpNOt9b9pvaSsoDXNHL9lG6V+TN9ZP+A//tXUAuFJUqQRgiuqfX7Nj7PV3GLuoUznEmqIiltxxHMnk0NpQNETOZPNWtNJAPf+K7cNqV4/cS8ILcUsfaPdGOKJo0jcYj7/AJqrp6ikzEDBHar22YpIZgwiJpe69m28GhaC7WBBbHFXsMoJlQAAY+KDbYlczJHar23NuMzikuMtE3TGF2l1YHBE5p5QFT9IntWWzb7i7RnvTwvt6bbgDV1LNjQdYZUXBbvvGAO1Rc1QZGAQmaWdw7DAAJwQalwqvyAPtQj1k8IX+Be1eBRlIP3HagjVTeZduKDuOxiGyfNJXWdb0iR+KnGUXjyButDuoIckTkcieKzr4AUxE/FXbUkCTkmQYpZru4QFA+80rl1TTeRp4qtil4SRumZ7UPUgemQQZ+1F1DAvEQRzUSzEz7hMZ4pk3LX9w4pGQMdsk1cqYyM03ZAua1mKztEQBWraUOoAWO0UFJwd2B5ZhLad4hSfxRx0++bZb0/wDW2iBWMCAKZRWA5EfmrLKwwxzo8c4KsQwgioJO0Vq/UCKl1AoGfHesuQTxA7Cp27yxup3tJ90/irDaMVWOa4YnzSt0ZqtjnTmVdbpzOC0Gvo3SN1m4gZQoJlSDOK+Y6dyt22fDA17/pjOutsby3p3UKL8EZpu0lakPCtM9+lkXOmuYJlDBJqmnUMiNiYB4q3RWa/03b4BEV3T7X9HaWIg8xVFNuuw1eUgdi2Z1DPAJY96899WH0Ok6w4yhr1VxfTSJmTOK8R9d6j0+lagRG9lUH80yaSuLGeFR8zJ3HI91OdMITUAx2pAsd5Peneky2pPgioqWWc6dKjXdkuWipkS0Ypm9obv+qQ2o2oZG4nNKXlh7S8S05+9bgxcngHvW7bDFLcgXSvpl+o66zb1OpP9Rs7AB/FevP+yxgivZ1VwHsz2wf8VkdIuhOoWG5hu9ex1X1NqumaF9R6wbBCoDIH4q/HN/lJ6Ol8acPaf9DA+rPpbq3WNeNU16w7i0tohlKTtECvLdb+kOtafSaW22n3myCCFcHkzTP1B/tF12p6abQvFWuGGYc/xWD0r6p1ml1DMbm/dEqTIit/me1pZvyQjHjtKha907qGmJ9XQXlA7xMUpcV7TglSv3FfWtN9bt/+OVX0GlutdliSwwK8tqOuWNRf1Eae3EzL/pB7ADxUVOKTTZZ8KvtZ4pxP6hAJqrINxkY5NbtzqHS9RavFraW9QAQDbXE1hXJZpHH25oRlHSI8kakmtD3TmAUlRMd6Ztaj0evaZ2H6xsIJ80Hp9spZLwY7Un1a+/8ArLNw8rEE16E4x/QSs5ONr9Wy3WdN/p12FSr27jI0/eRV9Aw9azkBnUrunggVpfVAW5pi6MHS4iXN3kxmvNaXUehdtuDAUzArzlKnd/3O2dOLR6P/AENp/d6aZz+sV1Zx191zuBABzE11G/v+/wDocvx9v+S/1Hmlzkj5HFXTBDHacRGapcVWJIztwsmrWlXbHAAP+aTkUpf7F5YWC4fcx4xiADRtOzlYBABAnHFKBSrkhhPaKd07FiAwIAyT5o09tIyaUW4jSMAzDg/NTpyzkAgDMZmoG190FRJmWImasLbKVLEqR3mm6Sd5wR7RGBIusynbET80w1yLJLBVnihMd0e4EnGTXXFPG7aRiOZoaeAwy2Lg8GV2g4+Kq5MkiuuiLgHz5qzKZOD54pIKqr9wuVvAA/pMnkzmlb7kuNpAJ+Ymj3DAjx+KUdS94QIM0JxaXayKoHcODgbvMZNLM/YRPeZp+7Z2AkmD480let7WODxOa1tu1RV7YJ3k+6B2q6ArA9scgeKra3MM4A7UfYBBAg02lSA5LRS3bEyAADyeDT2ntG0sxEmZpa1CNHbvTlv3phoB880VHzEW22w0h4yuBgZzRCuz3QOwAoZWBMyB4qEef1PzxJwKKWLGTpGH9RsRfQY75FYwaK1vqJp1CRwBWVAk/eldvKKdrSIH+angkxUA/GK5iYwRWUXJWFU9lkO0gzAFe/0d0v07R3gx/pXFYmexxXz9RK5r2nRHY9AIVp9pH5BmtJ9VYypn0z6bedGTzDkY+5o+lBRmBiJNZ30zfF6xcZOC28fnNP2rkKCMHdHmqRUqsqpey+rO1SxEACSa+Zf7QtZ/Qs2QRuZt2a+jdRvBdNBgM3tI7V8h+t9Uup6wyBpFsAfas5XGqNySTVI85/cZ71o9E/8ANk4EDE8VnNyaf6LP+qiJxSQ+Tycyzo9Do13ay0WAaGMVfqOvTQhnciZwvmqdPMaxDEhQSRPzXnOua1tXr7o/sQkAUZJU0irWHZN/rmp1F7d6hQA4C4j7U6/1Nq2tGwL5e0ZkEZrAqQxU8fzU23VGTvNjT3JM4BPxQvVFvIOfihs5BxmqggmKaMaeAKllDY6ne2gb2A5xVl1bXgxdwhbkxNJGBFSciKDj2yMs6CvCwQwaZ/FH0mpRWKXUFxSIUzEGk4nvUY/+qRZdoS6dHpNPqbd7SwpA29qzesD+so7RSVjUNYMqcHkGi67UDUOpGYWuyU+3AvZzricJt2OWy93o7s7SE9sE5rJtH+qnbPNPaa4p6feUtDSME81nid2Oa47dnQ3Yw+lh2yOT2rqt6985937V1dNIWzekEQAx+SSa4XRbtwSTzVbb+rwJ7mrgAkBlk9qmpVoE7Soi5cAMDjxNHsXAJHnHxSxfypiDzRrDSSuzbA8fxWuTTUjKKp0adgenbgloyZ8/9KKjSsnI+aXsv7AAJYD74qwuBxBJE0e1LGRbVaNDTlDZTkQJplNKHO+4Ns5E0tYUtbRRJAySBFaattCCDHeR3rOkrZSOsmTq7QW6QoEjImhgBnYNOAc//FaGsVzqt8DbEwBWbfUAs3uE4z5o+UyWEJ6iAzFf5NBQH15JBwOKY19oWGVShkqIjEmrKjK4UiDIGRSdvaMl1wweotyWIzI4rK1C7U8z25raviC0ABhOYrL1DBWEjA70G2M82kBQ7QwjcJPc4q4/XBUgDgzQ0MgnycURWkiAKesWxX9hbaiZYE5wAaLcvqiAQQZoNpsTAkVV3F79PIpE08onT8F21JuD2kgnmuS+UhTmTyDWn0j6f1PVWVdPaFxtwXmMnihdd6Hq+h6j0dXaFq6SV2zORzVV3/JrY2med6627UW+421m7s8U/wBZP9ZPhY/ms+p07tFEdNcAJzA+9QBFcT3pms2EsDivU/Sl9LlhtM8ssk7fE15UP3rT6HrTpdajEFVJj70uk8B/HKPqn0hc9AXtOTKggDxit5gNhUAHvXlui3CdaxUFQ6DnyK9LbubRk+7iaMZdUuqLRbezL67rVsaN3I/3as5/Ar4zq9Q2q1D3HMuxkmvo3131MaXQtZSfUvnaT/6a+aOQDB5nmmbUo4Jz3gj81o9DP/iWxMCZrP8AaSTHNP8ASf6buwzjippNb0Im9G5oWPrviCEMV5S77nYnmTNeu6Ws3bsn+yAfvXleoWxZ1t62DwxrW3geVixrua6agETFBppDKqJUAkA0YKrNPB7DzQtueaZ0wAI3Zb/FGTcc0GNN0jvRAOV/ftUi0sxtEH5pq2gc8ftRRpwZwYPY81z3R1qCWjPbTrA2iDQDZNsE/itR9PHbj5pa7OVCY8CsnTojKC/iZ5YmRFSDU3DtPEfFU3/FdLT8EXdjWkZDuR/7oiKAwIuPHY1fQZ1CgLuJPAqNQ8X7hAjPBpGktMRp3gOupUKAQZrqU9X4/muqvb7NTN/pr79MDtErgk08loOqkyEPGe9ZfTm9LVX7TQMkgsJmtpUZLSnk8yOBNLyRcVcNoX8dMCLJa0/YASI+9DtgqSd357U0H2IVSNxnmlbgyxiODHmnU5LC2B0sXscWQIHMz/FMWrbqquDBOMUkrbgQAT7eYp/T2ibK7TkHuIpYwvLJrCwaWkubWQQTI5+a0g24DMkHis60u4LcJkqMin7d1SQSTJE8cVVNNuLRROy2qtC6pMZHasi1bnUAFQQCTHitPVT6cr4yRSGjC3L7+3b7e1SSXZ2Btp219Adba33rTFQAATHxSe6LxOcmtDV3CMf28EVnMJusWAP/ACoyl1rAHG8Mm6QVaePmsrUEZKgEHxWncIey4I4GKzrtrapAPxWaxbM6ntiYYJACyIii2zsXZnnk0JSpf9WPBo6CIGPvRVyQjVeSVBVYjNERwpH3zUTFmOcz9qEVgfzSNW8oVLNo959FHbbd1Mww/wAUt/tFu+pf0ZIgw3+a8/0zrms6TB0zhczlQanrPWb/AFq7au6hgXQQAFiun9TtxdFdjdXd7PM9ZX+ugOPaP81nFYxM1p9WAuakmIIEfiaS9MA81ztvFIrdIGDNcTAq62wD7siuNsT7aYNlFyB2oluVcEHIqBb84PxXBAB+qKSpSAex+nvqEC9bkRcUQRPNfQbOutanTC5bgg8jwa+b/RHTrWs1ty9dXdbUwB5Jr3fUdDp9BY32WZUcmUng/Ao24Rp+Sis+ZfU+uOt6zqW3lrasQmeBWI20Gf1DxxW59SdHPTL+9GNyxckhz2Pg1iEqD7cyKmn2eBap5ODyQIitLpWEZ/4rLJ3Ga0ul+xWzEUzusmS9HountBZvCf8AOvI61hc1l5xMM5New6aFKPuIIxmvM63pz+vcKj2liVB8TS20vk8FKlLRnn810RXMpUkEFT4NFtIGb3ZHzRfxVoRW8IoklhAmmbSbcMCc1dAq/pBEfmpY7WlsUk5SkqOmEYoZt5U94/imU1Pt2RH4mkLN5S43TtHBrWsWbN+3O8RNc0otOmjui70xa5eQqDB3UpebcsECDWrf0i2rpiCg7gZpDU6eF3yI++aWMadyGp3TMi8oCE8xQJBBxTuq9ltvYAJ5pIsDXZFuStHncsX2C6G4beqRgB+ajUib1z/3E12nsuzSnbMmoe773kSSTW+iTvwD211SH+K6hYMm7qIsdUsuOD7SR3rbu3AtsBfGc1j9XANoOCSVMg07ZdtRaR9x2lZJH+K6ZvrChMSVl7ZlHc/pHearcXaWJyQozNEBbMBtoGPANc7EWszBUT4p0pKPYWSWmiumdiCg71q6ddgGR8SaxbbsryI5rdsvu2kmccCljq2I8Kh1XVUH2BNNKfaGJApYOoQiYMRRVaVkkmMU7j1ywxqLtl9XAwT34BpHpQ911jwuBTN25CgqOe1J9PJVbpY/qkgVLzYceC+qZbgcgjAkTSNsbg/E8UxfkWmIiY70rbAJPcd5peTDu7QmaoHI23BHBikdSW9PjB5poOFS7zG79qU1DCOSV700XcbkDLzoSAnt+Zolkw/6snHNCUhznnnj9qva5VhiaDbfk13kY9xkGB9qhrRJmYHOKHJK8mZoyPIjOa0XkWLVtHIhdtoojJtuKCZzzQ7REqTk0ydpgnP2o23gqpRo8/1V9uqicRST3AGxxTnVSGvs22OKRYQp+KVt3YyzksGJ5OasjDI4NUMYiun3TNHKNSQUe4keKjDZioRgJJPNduHmmV+DKj2f0q40OhS8G2+4sxrT1P1AmrAd3UJ2E5rJsXrFvoiWrt5LLRuG7k1laMDX3rnpkn0huA/4qTkwssEZK7PQ9SvWNXomS4relcX3QMqfIrwNxAjQDIE5New6i4fpZJIAjE8149gbjwBmpQa2VavJFm2blwACYzitHpI9jMf7pikrNxtObm0gMV28U/08bLXefim7VkS/R6DQM3oXAoycDOKXZRf1N0soKIoEL5o+kvLa0rk4n+aVe+dObjczmOaT/EJtJo7v8PNJuLPN61dmoYTMk8812mHvJMQccira5t2quEgwTIkVbTqCVB4oN/FWTSXax+xaV2Xt96HqlFlJKT80xaQuSBAIpy3ovVt/1DC+RUu7ujs6qvszbWqt2rQ36fBkgkUFmt3X/pobZnPIrVv9KJt7DDryBNIvbNuVWd3cxxTd7ZNcbS1g0LBdbSh2kciaz9Xq3ZSEUeM0U3CdIybwIpS4WbTbQF3TIdRU4rs322Nyy6rDFdSbjWYaPxSqxbYE5ijXENuySWMntFLbq6YN6OKdto1G19u5atrsC7RFZrRJqJriYrZTtkUqJx4rqrurqFD9T1urtC7bYGAYjIxSPR33JsnaVJ/7itJgCpz+k4Hmslf6HUmAO1bnB+av2k3RC+y+zWt3R6bAlZj9xUkblEwsKBMUKwEAJYnjmjH3pEmPI71RtNt6Am2q/sAsgm+wDBp7RWzaOx0LrxgACspd1q9nAjmM1qWGUtblmBAqMcbwL5od3knbIk0bf/SKmN2aUQBnY7iauzDaBBir22ngpm6QVGJsycGMA0tpW3FtwiMxRlYG3BqtpgrE52nB+1Rc3GKfkW8P2BvspttkATilEchjAGKJrbkg7ePAHFAVgR7Wkd6VNN2v7E9O0UmfUBKzOKQ1JjdJz/imjcn1Fb2xSDPIM+cUYvEvoq2tNg7US0ESBFXS5BjGMYpZpkkYBq6bZwYnwKydNtrIrWcDSKWED+ashIHIMfFCtkKphjRLbq6Ft3fxRSdtBS9FrbAMPFMWyqggkA/NKeqgcCRTCEK5PAjj8U6kutG0jC6m5OpYYj7UmxKjiRTnUj/4kj4FKG5AjkVHt6LRSrJwO6oiKhcVVu/mqt2DrmkXg8xXTHIogcrb2yf2ob5ihhxo1UXvahr7S5nAH7UbpesGk1tu4zsqA5IpSJrtsUtJIGDU13W7l+3csW1C2S8g94rLmDNcTJyc1xEVlUtGO3E1r9NYGws4IPI75rHra0ICWEJA5kUraiZ34NB2bZbHxOapdsPqLe5CBGD81Nxt4tHg7RNH0shbg/EVpJNMaMnF2ef19r07w3MrE9h2qEBXaRiidWsejr2HkA1CexQZmeRUH+KOnj+WkaGhMsZM/I5r0/SRYu23FxNwIxjNeY0jCVMQK3OltuYQfZPeuWT3g9PhTtUCvaNlvPBIWcfasXqd70r/AKVv3MOa9fqmT02YHAHivMLZFvVXbjQQTJY9xTLpurZTnj/8uhbS6G7qkb2kMBJx2qvpNY9pIMHI70+2s9NQ9u7I4IAoXrK1tizTPkVpNRyjnUIXlmb1G0F0hMANP55rICk1qdQcMuwcc1nMhHHFdUGqODmq8MrIrjkVFWHFP/AhVFYNdVq6sG2evFsAncBmThqzOqIA9u93U+a00UC6wkZJwDNLamwLqtawcE88GuhxeyPZ1bLKdyKViCJAo1mPSIPJA3QazOnXN1gqW9ymnrWVI7mkpLLeRNLBexlS3KxBMzWnpQSq9toyQfisvTOBv3YU9uJrTs3E9AADAH70OqrGzNp5khlX5E5AyD3qSxYgk48UlaAkkkZ/H2opkSIknjNWdJYYE2vAx6wSfdPwO1US/wC1pkSecxxSRY7oJjOQaMLhFoiZAPmppdX2RqBasrmT/wD1Q7SETgQB2NWuKGs7Rz5moBCN2HYj4pKT27JpYpi90TuJH80ne9ynwOc01duGWBMgmkroIAMU+LpDveEKIQDDf5mi21IZZBoTqJmYq6445ovdhbaVh7RJ3Crqyqm3jPagI2SGNcxCjHNNvIOyyqDCPUESR2oltj6rD/nQLbDdz2o6jaWbvEn5pIwVWG1WEZXUW/8AESDJ7k0meaa1qs92eSaWCMQTGKXqroteER3rok1YWmJ5ir+mqidxmcURk/BDMINUMmKggjJap3A96EUrBLZwwc1JPzUTIxXEfatJK9iEHOe9dzzXVZLZuTHaskvA9lDz4rZsqBpreOBnNZq6RnMSJ+aYXV3UAt7QY7zWUU2xTRuEom4LIUCqt1S3ZVRbTfcbkEmkLmsdk27sAeeaUS76b7sk03XI9rwM6q8+o1G6/AbAgVey6q+2MfelkctJJkk8mrBSrbgYjtUnFSR0J9VbNnTKgIj9NP27yopOCR8zWHo9SC0A/g8U2t6UOSTPauaUUpUdnHypLqtjtzqpZdkc9u1I37v6izyP+Faq6hgJkE+P/ugta2mG3MAeIoKMatsac5PBRmti3ILGe0zVtPc2GGJg9x4rnKA7QCB2xSt+8La7UmatSdI5OR9ZKmU1Vz1SxzI4oEbh/mtQdOtajTI9pirEZHzSV7SXLEgiR5GaNrSJTUpPs0KOsRFcATVyJNSgAbtRyQtspsPiuowAgV1C2C2ekZsyOZgx3odxQvABP+aPJkTMjtzVbhiSW2g/8X+PtXoW5YUSbSaTMtQdP1BxEK4mBT6XNr8H80l1EenfsXMDtIzTgLoJYgkgfipyi4u4jU2cp3XgRkc/inbDwoHA+TSKjbchTtjimbbkW1x9z2qSV4vZzSy85HEK7QO/P3FTMHj9qAh2qchoHmrC8Zg7Z+K6pZbjH0M38qLEFzMT7vNVJEleD2Jq6wDzk55qhAZpnB8HFc6i7pjrGirEcCCPIoO5luH27j2Bq4GwlZwBM1U3CLhI7eKZLrkm/bWBXUOwnAH5oReUWYmi3l3swPJyKVYFVI7is3cdDbwAbmuk4I/aoLAucxJ71YAH5IpEsWO/RE4JzJq8gJVEODOINdJAI4E0XjCEyXDQRBpgENuMdvxSyn3R3pjCqQDzQXY2V4FDbDH4rnsL5wMmrMdpI4HzXMDmRQX5FQBQBj2FDNsTOczTbLJIjjuRQXG4jzxisrekZOgQtKyScGoFndwox3JohtiCSM1QiT3EU7jqlkN2UdCpz+1QsnKiaNbtetAJP271oaXQraIZoJqTdOpBiu2jMXR3rokWyR8VQ7rLxBUjsa9fpVtgCRH2FC+o9Bb1OnF21HqryBiaEW5K6L/pOrPOreNzccB45oXrF1gxj+apwBnNVx7pOfvVE6IEyFEDvUcnFco3D/pUKYcVpSdBSyFtZH6TzTfpSM4FBtoS4+DwK0fQU7ZGSOahyS0jsiu0TL2G1cO2jWNUCYYxNFu2SjbSMzz5oK6YXDn2seO1I5KsoDhTVGnZC7FiJP70W46JbGAZxWVtuWCE3fANUvXmQEMe+KVQbf7llyqKeNDGsugKWGT4JrMaSJqWlz3/ABUTjP8AmrxXtnJyT7O0NaR3a2QpgLyZ81dmZbm3LKc4oeiM71HczRbylMAZPBFSdp1EpGNx2KXVO7GBzEUMijsDjgc5NBP/AHmq6XUjJ06SI2/Jrqn2/wDZrqWvoS2enW8EmRDA8zQ7mo2D3cnz2oBdbW7dIcn/ALwaFdY3H7mYr0JJJdo7INvyT1Rlu2FZY54jNObS9tdxAxNZ+p9thwZwAQDTemdWtKCxJ2iaWEk3dWw7WzmLbxAEfejpcITaIE+aC4PYxGQahGC25OO/3pFF20K/joaN0W8KVbcM4q+4yCYBHc0BS20xgxVg/tE/vTKPZsPd3QyjhLn6lI4rmuKr7SI/NBTDQZAPB8115wPiPig1lxYtxTsITuzkCfMTS7sUuMQJqfUiCSYHfvQ7jIHYTE+aCVKiaktJgnLHdCiT/cTS91yUk8dzR2cRBOPPnNZ967usuAcGs1imVja35Bm+m4k58Vaw25yZjPakuKLbubGpE6wVqhsMeOa7cQapaYMDBkxmRXIMYAGaCXsSv/ZhFcG4aMrluSBS4UbjJhu1Xa4FMEH71TEVdBeckl8EcmeYqWuHiMUI3VJqwZWWJ/ipyjbuORmolwwYnkGofnj81AMADDfIqbjAKCPzSxjGX4pirNEc8Chvbls4B8UZTCmeYoN5isRj4pmmMo5oLbEHAg8U7auDaY/mkrShoO4VoaayWIEknmYrmlFxadHVBNIYssxAwcd6cRc5G4ROaDatFSBEGacRYA+IFI428o60nlM8d1SwdLrrqRCzIpdQYmAZ81t/VNn+vauAcrB/FYyg+mI5zXTBdkmjzpJJtJlUG0VUj3cUS2pMA1RuKpv4CIe0w32wyiWXmm0cqwmOMms/p9/0Lo3fobBntWs2mJuqUhkPBFcri7SaO/jalGolGTcxO2l7tmdxLLtB7DNHKlW3ENgdqGysZ3SSRxR6q7Hvz5ASWIBgmeTSmrkPBxWoljbluRWTqmN28xB+KZRcn2SIcjpO9gwWjEVOSpJWIPiqhGPxV0wp3HFGn5JRfkNomIvwMSCM064jkA458VnWm2uGBin2wufH71KSXay6/HrF5FbqyuSPxSpGYpu5lCf2NVtaO5fUugkAwTVIxl4WyLd5bFdtdWkOj3yAQRFdSd0T7fYyYd90Eg/HFSUCnjIrras7l4jJxR03Nt9uTgyf8V60kptwq7OaTaj28iN8Sjg8RNF6fc22VEcrRL+iuXLdx0tEqok57eaU6YVhu205Hmp0lb0h0nKNj16ZJEiP5oVt5tEf3RGBRdwdiYbzQB7CQRg8QcA/eouX4toFLTQwtzYgBBJ44oypIgAgjzSvqxaIKnHee9GsXWhgEkgiT/2aaVqT7YQvVZQdSUI7H79qgsN8ERQmf3GRzQ2uj1WBGBilk3Kk2aMaVBGdRI4k5oV0Hdj9Pap9QTMBvk0GQHeR2iDH/Ws5XSQHegdyJiTNLagRaI+cGmXf2sAIJ/ilbxLW47zQliTseKcBQDNWKgHFQZ3QRFWMxxFJabuxiFJHBimLV2REftS/AmM1Y/8A1Tyt02B5GDIIPeucBSGgn4JoaP7SCJjkVLOXTCGBS350ZIhjuA+9Q2ASORXAZA4nmjKgCkjA8U+FlG0wSGONwPzV/WMLg+ABU1zJKDNCH5BWW2cL5niBXW5uNubI81Q2wonJM0ezOJESaW+qoeMbY5ZsjbIBYfFP6e0IGCY57UpYIAgiZxT9lPaBBEfM1yX7eTtS0/QYLOf0x4o9oyoIEEGl/cBt/s7GjpcBknGayk1rCOnfkyfqsAWLDd9xE/ivPoT6bGMV6D6rk6SznO4Z/FeftqTYLR3ro43S/wCUedypdm0dakEQSKt2IqLCzuJwIq79qdk1EXZShyMVp9K6kqTYvfpjBmKTKHbIg/E0uUKvEc0HlUVg3DKPWC2hIAWJE1C2VByIPiP/AJrF0XWHsMEu+63BgjkU1rOpraskq4Zu0HiuZwbeGzvhyRcewLqt4WCUU+9v4rKRGknnvNS1175LNkmmxoymmFwmM8VXsuOk2c6g+duXhCxGxZ5NQZj9NWYEnin9HoELIty56bESIzRvwxYwalRmnG08QabPuWZyKnq1ldPfKKT5odr2gHJ/NLJdXTQvXJzPvRp9sCa1OjnbpyP1S5471mXjINbnR7K/6BN2NxPmtGSu2gOr7JB9jH+4j4iuq3+ktnJuOT39xrqXrH0zn6GbbBuXeSMnkVs9L6Tc6pdACn0xG5ojvWV0gJe11pLnttloJ8V9JU2tBZRLShVHYV7nFxLk+TeEcvI+qXVCq6PT6PSHTqQVKEEN/dXzN7B0PVL9h14YyImK+hajWC6x3Sogj4NeJ+pCi9Z9cAw4E9s1bnUZRXRaNB+JAFYLPuLYqqQZJ/xVrY/qcdpznH3qGG11ECImRXk7dDadpArlz2gBjFTbvhODXXJ2jH70tcPpxIP4NNdNZKNXgb9dWMTBqWZS4gzjNIpfKk4zxmmC7PcLAYjvU8yf0T6DDMXCnIgdqGzrukTJGagBim4gD81DKwuMVIUfOKNtUBRd2DZgSZ4oFwy87jHxRslSCAZ70MrtXIrX8qK5F2gxA4xVFEnmfvRBaZjjmi+kBHxRkrDoEFAAM57irW1W4DnPiiLYME4k+KkWYBJMHzQUksMyV6KC1DCGNFIgczVVXaOZNWLExEZ801o1VR23G7ntFWX3CRgVAHtj5+9WnNTk70F35OBA5qXWQJJbE47V0iSCCPxUgSYFNV02N4ToXuGNqk5o1k/p7DBoFwf1TImOIpm2pCgA44qc0pO/A8bbqjQt3FLYPntWghAG6CxEUjaUM5EDPFMK0QsnntXJKtROy/iFuXlKg9h2qxYMQR2ORSGou+kCWKmO1Vs6wPwxHx2p4umit9sVsr9TXFOlsKDndOPtWJa/3cEznA+ae63e9W7bUGAFk/ekrYHpEcmea6IXHeThvtLBCAqogy1Wx3/A7Vy7i4leB2qboEzHeBTJxboOl1SKMYOWJx3qqjA71O83F+KkqVIpe1i5ptqijIFMTFUVATir8z+1WUTmKP2wqOMIvaWfbzNEuObcAHHzU6RSbpMYEmqXJdi0ACeKhJpzo9Hj+PHjFjXTdMuoS4zAlhEYnvTV3pj2W9Vr2ZwR2pDR6o2G2wDu4+Kd1nVdtvZG4nt2plumzmbdXFWLdU0q2DbLXWuO/uPkUIMtlFIwwGDFVu6t9UQdglRzNTcLFMmD8VpJ+wfaA3mDEzhua9R0pVHTrMGSEk15RlkyWk8Yr1+lU/6a0oBACATFVhFKPXyc91Kgw0rkTBz8V1QLN8ACW/cV1Rt/R19o+zzwvFAIAkGZ+1eu6h1htZ0G1ftx6lshTHBx3ryQdQWOJyIrQ0WvZ+lXrQ2kAgQwAivV4+VVJRVHkzi3FTvIW11TUWkI2rcU9zis/qlxepD1UjcqyR+TTnU+o72Fq3tXaIJAyayixmViaXvUWr2ZUlgtZu/0wxiIiKspLKoBERjHFLWGNu49p+J/NFVyEiRzXLG7oLiSRkAmfzNL6khCOI8imJIUGBH2zUX03CBgkdqsmryyjpMQBlhECT+KdQAZEEkRNUSyBBBgzBxTCptHAkCRNTqnjQudEEsvtniqlNh3QIPjvRDB9x5IwO1RcEyTEjwOKVddMWpewDH2GRx2NDBJABAAOcUVjMzkVQQXIkAAYzWT9mVo4JGYHwauqbzGBVgAxJEGpAg7Y901lLvoNOwYHfaI/muCg4aRmrq5kggRXEgkRz80JK3rQFfZooVEyCCKkKJyob4ImrDySPsa5sAkYJ5imaW6SGe9kBAswBtnxxV9oKyIIrtxYLA/NXU+0z5oZRml5ZQKHMCCajCEZ+81c4uQPvVCCFJPNaVuqHTFYY3GOD+Katy0ADbS9olpJOBP5pmyxHAk9iai0y3HlOx1LhPCyQPFHP6AZE+aXtGU3JyMTRy/tA+KhGTWKOhRTVCetTcpiCY7CkbeoFgEiJ4intZcKo2e3FYp9xkjPerpWvkiPI+rwXu3GuuXY5NTxboZPFFBAiRIFXi14Fj+NlwwQYUftQ7twOQAQAa64+8wMVyL7gIqUrbvQyvkd6JAAEAfmquzBvxiavccbMTzVQRPk+aN4zopJpfEqoLGYjzRUgGDgfFQFLRGZ+aas6G5c2hbbMSfFSbvBbi43YRttiy+w7g3BpCPcWgc8Vrarp2ovEKqgIowSQKUPTb4IUpP2NIl10i3NO31vRSwItG6wAAwCRS1y7vnM95pzWae7prSqVOwR2xSIng8eKaMX2bEnJYijkEGYxHimCZEACI70FWhSOR4qxJA8Yp5pp5OXMdFEDeosKDmvYadSEMCJ8V44GSB3PFPWOs3dN7XUsRiZzTOSUrZHzfo9WoQgZX9q6vPD6kaB7D+9dQ/S4xu8/QAq24jlt+RAwPNVt7w729xAMEggZogULfgAAR2oZxcEYk11uaTaSIzTW2Xdt0knAGTAqqksxltyx8CqWc347Qa58MYx9qhCdS6pAUU2orBUwl8FpbcPGauNwInAPaBQ9R/vF+5ogyRSykouq80FxaXey4G4Ln96KqlmC/z3NDt5Zft/wA6MvY99w/511RunnBBO2wLKeTM8wRxVwDyAMiuuZYfPNUtn+p+a5pUlZmkTuK4LRECK65KvNDNScsaM0lTeQ+AcTI4qqK0btn8VZ+TRGwyDttNFNPI/oqg2qVY7Z7gVIADHaY+YrrnNVHLfeqzSi244wn/ADDKDvf9DlQsB35zVhaCKSTCnvU2uB9jXXcoo7RSPVexWmnslWBk+IE9q5lEnIIqqiCKg/7x/vSTnSSGRIyRHFWZyVI4g8RVbf6F+9S36j96RyTajQeOFtysspO6QfdQrzRaYnBJNXsfr/FD1X+7FV5a4pUgxAW0OI4pq3Kt4pa0f6n7UfTklRJnNTiuyKrZpW/aZ4Y+KrvlRP6eCRUz7l+9Dv4sn/3f8651JOotFE5XSYnr3GwRMnsazj8imtb/ALxaWb9S1W+uiPIneTgM5qxacZq93Dj7CogbeKdZSk9saKukibdnIzBn+Kes9PvXsBYHO84Aq3RkV9fbDKGEdxNPfU7FLm1SVWBgYFNGpOmi9/px7CP+k0llQL18uQYhBirLrNFYcC3pfUJ/ufuaSsqDaEgGjdJAbqVsESJODVZdYJRolGUppuxo9X1CXALWmt23PELXXm6iylnuraEgSpGP2rvqMBep24EYHFBV2I0SydpcyJwc1OLSeRoJyWWXu9K1J09+410t6Z48/NUOiuIwJvMqhQxhc57Cti0T6WpE4LvI/JpXW4W9GIZIirSVtSISTt2xHSX3LahGZ3VEJ2tgms5f0kntWrYYjqGqgkSn/Ss/UD+oPvXG5qUdeSnHHUgK8AxINWnGYqlsn1AJxmrMSSZrR+T6spWO38Ch9sETP2qy3Vcw4z2JFSOPwKG1RvNMnIL6X/pP4YV1LyfJrqNgtn//2Q==","Ronil","M","Cajan","ron","Plaridel","2021-04-01","33","Married","Female","Purok 2","Yes","Positive","19512659595","cajanr02@gmail.com","","310 W Las Colinas Blvd","1","");
INSERT INTO tblresident VALUES("181","00000988","sdasddasd","data:image/jpeg;base64,/9j/4AAQSkZJRgABAQAAAQABAAD/4gIoSUNDX1BST0ZJTEUAAQEAAAIYAAAAAAQwAABtbnRyUkdCIFhZWiAAAAAAAAAAAAAAAABhY3NwAAAAAAAAAAAAAAAAAAAAAAAAAAAAAAAAAAAAAQAA9tYAAQAAAADTLQAAAAAAAAAAAAAAAAAAAAAAAAAAAAAAAAAAAAAAAAAAAAAAAAAAAAAAAAAAAAAAAAAAAAlkZXNjAAAA8AAAAHRyWFlaAAABZAAAABRnWFlaAAABeAAAABRiWFlaAAABjAAAABRyVFJDAAABoAAAAChnVFJDAAABoAAAAChiVFJDAAABoAAAACh3dHB0AAAByAAAABRjcHJ0AAAB3AAAADxtbHVjAAAAAAAAAAEAAAAMZW5VUwAAAFgAAAAcAHMAUgBHAEIAAAAAAAAAAAAAAAAAAAAAAAAAAAAAAAAAAAAAAAAAAAAAAAAAAAAAAAAAAAAAAAAAAAAAAAAAAAAAAAAAAAAAAAAAAAAAAAAAAAAAAAAAAFhZWiAAAAAAAABvogAAOPUAAAOQWFlaIAAAAAAAAGKZAAC3hQAAGNpYWVogAAAAAAAAJKAAAA+EAAC2z3BhcmEAAAAAAAQAAAACZmYAAPKnAAANWQAAE9AAAApbAAAAAAAAAABYWVogAAAAAAAA9tYAAQAAAADTLW1sdWMAAAAAAAAAAQAAAAxlblVTAAAAIAAAABwARwBvAG8AZwBsAGUAIABJAG4AYwAuACAAMgAwADEANv/bAEMAAwICAwICAwMDAwQDAwQFCAUFBAQFCgcHBggMCgwMCwoLCw0OEhANDhEOCwsQFhARExQVFRUMDxcYFhQYEhQVFP/bAEMBAwQEBQQFCQUFCRQNCw0UFBQUFBQUFBQUFBQUFBQUFBQUFBQUFBQUFBQUFBQUFBQUFBQUFBQUFBQUFBQUFBQUFP/AABEIAPoBcgMBIgACEQEDEQH/xAAdAAABBAMBAQAAAAAAAAAAAAAHBAUGCAACAwEJ/8QAShAAAQIEBAQEBAMFBwEFCAMAAQIDAAQFEQYSITEHE0FRImFxgQgUMpGhscEVI0JS0RYkM2Jy4fAJNEOCkrImRFNjc6LS8XSzwv/EABwBAAIDAQEBAQAAAAAAAAAAAAQFAgMGAQAHCP/EADcRAAICAQMDAwIFAgQGAwAAAAECAAMRBBIhBTFBEyJRMmEGFHGB4aHRFSORwQdCQ1Kx8SQ08P/aAAwDAQACEQMRAD8APAFhpqI6ITeNgiNwgDrfpBkUZM0yZb31849sFbbRuU2I66R6dfI/hHJWYOMXIVOY7pDY2lpd50gdcxSkfrHtdTmyNdALwpqYS7j6YVqS1IoR91qP9I41Fk87NrZRtaBbfrEU3N4jPLyg5gUrQX0h9SwE5TbQiE8py3SpKbgpNjcWhxUiyEnqYr2AwcnAjXUxlZI23gbVVvm4ppd9kuKO3+UwTK2mzBsemhgZoUp7FcshwpDjZUohPpFgGBB7mwBCXh+UAlysDRR6wtmk5EHvHSlNFEuhuw0EZPKBFk6kb21iFYlrGR6only7hAsSOvWEuGaeXXFvEQoqXisLm34w94clWk09JSQb3vpF+MiU55nKYaGdCAfWB5OtCar00sdF5QfTSCc62m77yhZLSCST6QPKe3zn1u2sVKJ7xxE5OZW7YxH2gSQaYWtWp7xwelue8Una8Psm0GaYVfzdoSSTBXMAdz1jorHM96pAxHzD8gGZUkpsLRXPiKs1fHdRmpe5DbgZSq+gKAAfSygftFtMN0VVRelZJCTmmXUNaC9sygL+17wU3PhV4cTLzjy8PqLjiitSvm3gSSbk6L7ww0FaVWGyzt2guosazCpBtQ1t43wJSau2AVvS4DgH8Lg0Wn2UDHXCEkZCuJSU2S+kp179oL8lwqo2DKJ+zqLKqlpMrU5y1OKcso9bqJMQio0Y06cJtlGbMk9j/vCnU6dUc7PplqXkjDdxOUjQwvEyGwCb+19INXDOh/JU4EiwKir8YHWGWRM12WfUPENwfSDlh6XDMgggWzawOKhvzGXTx6+oAPYcxHi5tL0mlu+xvEbwZSUorRe3ypP5xO5+RbnWilY16GGCnmXw4uaennUSzKRcLcUEi0WrSWtDjxC9bpW/PV3P9Pz+nzPOJNaYw7hKeqDqmszSP3aHVWDi+iPfaPnbi2rcyfnKpOOCYdcdW5yUqITnB1ANtgTb2i0vEjFc3xCxAGJdK26RJAlAJFlHYuHv2HYHzMUJ+JXG0nhKnUphicS6ubpnNBb2DrjmZd/RIH3i16Rawr8yNtqX3+qnbsPvBBxh41TNPrj0rTJoOzt8r7wGZDXZCLnfvce51iH8O+NtfwzilioTExNTjd8qkuvrCU36i2g+20QpC5aaUm2Zby15sw1UrXqYfMVYmlX2pWVkZRqVEuwWSQApROxN7Xv6k2vBf5VV9uMiN0rTZhhzPoxgH4y6JwxpKKgJ1mqzT7Fnm5l9xJvYGwRbe/UC24JERas/9TStKriZqkts0ejuWS9+5W8i43KCsGx72Tb13j51OVBbYUEqKiep1N++sJf2hMPvoU6eeEkAIUTawN7WBEXp6dQwFzIDTMTndgfafUGX/wCp7JyQbcTMVGqLSoBxYl0Fk36FKkNkbHbtFleCnx18OeLkmlDk09QannCDLTrSsirmwUFgFIBPci0fEjD7EzU6snLKILSilKktouG0khIAvfW5A1uYsHhGmUnCGISmjTMjVH+Sl5ycPOZTKeA5mlqd0KlfyhKtRobbmpTTcnKH9RCnuNZALftPuAy8h9tLjakrbULpUk3BHcGOkUy+E74gpOTwtLUidrLtTyPZBItSTi1ybRv4rpRqMxsRfbUAbRcaVmm5uXbeZWHGnE5kqHUQr1OlfTN7ux7GW6fVJqAQvcTvCWozaZGQmZlQullpTh9AL/pCi5hBiCQ/atCqUkVFHzMs4zmG4zJIv+MCDkiFk4GZ83+KdZfnXKHVXllT01KJecVvdSlKUT9yYY5+a+fp7biT4gNYfuKlO+XwzR0n6mWOX9iREDoVQS5LFtR1hzcuSftFqPwGksw1iL90Zdath1Ma4jcTyFL0sdohL8wunzgWCQCfwhbVq2ZmQCUHMs9IHIzgieBwcyE150uPFKRqo2jgzTlplzoSo21h5ZpKluh97YXNjC2mtom5sNBIy7R3GYSLNom+G6L8nJLmHB4rHSBhiRIm6k4Em91k67bmDhNMJl6a6gaWSdPaA/MyhVNLIJUSdAY8ZZQxLFjGMSdgANh5/wC0ZD6JPQf0jI7CeJe0It1v5xuEWMe29xG1r6WvA8RkzQovba8e5LDveNyBcWG8YoeE+kelbGDlr+8cQKzZWjLbSFDv4bgfiYVVhsNhRUlSQATm6D1MNFCfD/ECvqB8Knkov/pBTr9onS5FKklKvED0ULwK/LkCKLMZBMhckh1x8TN0uNWIvbVPv1h0C232wUm9ukdKu+zSWktFF27WKibAQySzAamMsmpTrZ8Ssywco8ohg1DmRyHPtmuJ1lqRUSkqChb0gX4bKp7G7KCsLJuoZdQBe2h7RPMX1R1yUU20PENxb7xCOFzTc3j9x2xDcvLrWpKuhvY/mIixwIJZhmA8ZhhmliWQ0ltxDZURcKGpEJGJNlhbnJcLiut1XtHGYeZnlreLrKlhRSgKJGXf6h9oUSTYRdDnL5xF/B2jtXfBl7DjIjVVk8pSRuskEC1yYeKSpQKgW0Jum6coOn9I4TdOE8Ahajv9adxC1ttMlLJQ2FGw6nUmCyCSMShSFUxLiJ/5PDU44okFwZfvEEw43mQEhRXroq97xIOIlVP9mpVooW2XXLEAWIt5H1hnwown5pKUABBSFEWMerbJJEGsXnEmUygtSTaE72jlSmc02m34R7PrvMoRfUDU9ocsOy3NmTlNyP4hqIsP2lZhi4O0QzdfTM+IJk2yvTYqUCkA+xUfaDu0lVrZTEO4H4cRKYddnXRZc25dPQ5E3Av75z6EQUky7aRYJETa0IAuI30PTnuX1ScZkfmJFb7ChlNyIGNRwlV5yZm31OthjOcrTqbWT6iDeSlHSE0ywwULdKRcC500MCu3qjb2heo6SpO9W5HeBCl4dq8i63MSTaHh/KlWZO/nYxMn+J39kJFo1uQVLN/SHErtc+irfnGvDzijhLiJTkzVLdSzN7KlXPA6hVrkWvr6i4gb8cai3K1J1tM2lb7LRW7MTqrsyqVAnKhFtFFIGu5KhqNo9Xp7KiVtHIiun/LUXaawHd5H8zvj34xaVhqVeVIyPMypJEzMqUWk+ZyJIPsqKT8Xf+oXOYlqPylHYFVm0ggTDYytpO5S2hR203Iue0CDjbWJ+tvTk87SJ56lzLRSxVZ9S/Fqq7uW9k5hoE2tZNwCbwFaozhaSpc0GfnV1BKbNvZwnI4nUEp2yk7a3A79Gfpqi5Cw0JZqyPzDkj48Q4r+N7E1OknlOoXzgQ2W3Ji5Q5rpYFJG2vhy6AW1iuuPcd13iNypqqTaHESyMrIVoQm2w/50iPVfEM1VpWUYmClZlgpIeKf3qgo3stW6rbC+wjahyLc4VoMm7OrI8KG3MlvP6Tf00igFR7UGI4p0ddR3+Y0sTTjSwAo3GxEarm15yonU636wqVTHg8UcspWOlto2/Yb9yS2rTygZmK9zG6rnsIkE4oCwOpNzHVh8lX1EX3MeqpzqDq2Y1+VWkbEWjwfM7sx4ktpNdnJOlOSUtMql5Z5YdcyHKpZG11b2G9u5iacNcUyuHJ0OGddCG3m3cqXy01mTsSlKVcw7gaWGuuogRJW4iwKjp0h+ok4lpqYQZdtanUhIcUDmbsoG6bG1yBbUHQwz095U4zAbqAynMv8AcNfiSkpqelph+ru0BcsxeSbk6dLOFSgpWjjxyEDsrKo9zF1eCvxT4exZIMSdarSEVNZP7x2XDCBrYAqCikkjW/hG4sNL/InhRSW6xUWGVzUvLF1WQF9ZASRqewvYaA73A3MXcwvwwpmHMPSmIqfOpqDTLoZcY+cbS4HcpIVtYjS4F9R10NnDCjUr6di/uO4iRhZpn3K/b58/afReUnGJ+XQ/LPIfZWLpcbUFJI8iI9nHUsSj7itEoQVH2EDvhhXWqLTWaPUKW/RZnlmYQtaSWXkkXJSu6gFAWukm484feI2Jpei8OK5V0uBTSJNZQofzKGVPvciMtZQUu9Mds8fePq9QtlW8nnHMoXxXfS7RAEn6MydP9UBSizpRMLQTqDBAxDXE1agKcSrMkrX/AOowJJKa5dWy62JhrZzYwgVQ9gk0qDYmEhfSODDCWvEqxHaFEsvOwATt3jR0AaGwEB4IOISvbESTrrjyA22LDvDe/Vjh6fk7ZTc3UCN4fJdoKPhEQbFM0BiJnNo2nS179ImveEIm/iFJx9mt0lcxLn+HxDsYG7kpldUTvttaHGl4olKY4hUu4pTf/vDQFyE9TCiuyqWZxZQQpKzmSRtaIMOeJOpSmQY2hmwAsn/yxkKEoOUadIyIbTLuZc+3WPRtHoBOm8bhu3QRXEhmtgQPKPFjwm20dSmOT7nLbJ26x6VMYD8ETZnsX1xWYfLqmSty52BW5l/ERPcY46omB6S/U61UG5KSZT4nFnUnoEjqT2EV+p3ECl4IRWKpWZgy8olKXFqCFK6qtsDa5UB6kRUTjlxyq3GDEJmX1Oy1IlrpkpHNcIT/ADK7rPU+3SKUAOoffwo//YgS0NqAoT95ZeX+KSXxPiyeTzTLUp14iW+ZVdSk20CkWIQNxmB00Kri8Fii1RMwpibCkBC0hyXWk5SoEdRFG6jwtnaFh1ipLqrbiQy06ttpgkJ5iQUC+bY3Avbc+cF/gnxJYnqfI4aqr6WpyWTaQfCgQ+i5PKJ/mT06kDuNe6v3jeo4lz6QULlDn5lksT6BM1oErFyBqAeohp4eq+TrlYBYDRMskjXfxG5/KEz1bTO4cdJGXluouSdQVbg/YwvwhKrcqk9MZrtrQlop6Cwv+o+0CEhkzEh5swJKpRqQnBncQpCnQQCgXJtEpk5KVXJpWwE3SnLnUBeIbg+UE9VH2nCoGXGfQ99P6xIqvPt0mWLbRyjrrrHaAxcsBxJlx6XJ5nR1ppMygB0FZ6Qrak15kOFxKRmG4vfyiJ4YfNQqS3nVW1sPSJU5ONU9bySgvtL8ZJNwm3aCbX2qTKacOYPOITiqzV2ly5Unkgp5Z2uT0+34w5YXk1MNhbh/eK310hnUpU/NFaiXC6vMTax7+3SJPKIbp8mFHRKRe294nUh2AmQLZJAnGtupMyG+blKtCD1B84mvDairmlsy0tdTjroQlW9iep8hvA3mSalNJcCkLK1WbSrp3i03w4YNQ9KmqOJSkNgtIyjQr/iPsNPcxahG7PgSIrewite5hhowaptPl5VkZGmUJbQPICwh5l5/SyrW9Y4P0Y2/d6GE6qXMo2F/SPE1vzmPKxq9Jgbc4+I9B9Ch5Rxm3WjLuAkaptCFmUmbWII8zES4j8QqFw5priqrPpE4pkralEeJ1zcAhI2FxbMdB3iNVBssCV8k/EK1GvNWna21doA7niVW+GlpyYxS00E5kF5oAjTwm5P2Av8AaD3xuwxh/CeHqrWZqcdlHKhcTK3CHE8tKFLWkZvpCgjKSCNx5QBfhQqAGOZdlwAZboASbi5Sep9Idv8Aqg4qFJ4aUGmtTKm5mbmHHC0k2C0JCd/dSbDr7RqdVSb9elI7NnP7f+pk+mOtXTWsYe5doH6mfOrjjx7fxhOPUmWv+ymFAJRmPiWAUg26BIJAHvuYEr0kuapxfKUguqCfUfrtEtwNw8OIZp1+ebUZdahkWDcmx1v2iR13AlUrtZTIUuUUppoZOepAShIva/c+sLLCq5UcATZUUlAFAyYFGaR81PBlCFPKzWsgXJME3C3B6enGg+8ktpUDlQhOmvfvBvwB8PtPwtJonaikzk8fESU2Qm/YGJnU2G22uW2kIAGgAAA9ozF2o2t7JsNPpBty/eAtrhXKyCklwJK0jp/vDRWMHNy4UpsJCfLvBXrLgZc8QBv3iI1lXNbISbG0BNYTzGiUj4giqFKSjMkpFxuLQzu0uxKQj2idT8mlRVfXW/vDWZQEHMBqItrsxOW0KfEhrtJIBun/APUcW5RxhXh1t3iZOU3QEAn0EcnKaCL5N/whjVZF1mkB7RspFYmZFxBDqk5VZgAbawWMKYyeQhOaauDbwXUNOoNhY6QLJqkkErRceYHWHShcxS8ufKTuSDpGn0tzY4My2v0qn6hPo58O3xOuN01yn1Cpvz0qlAS7T6nNJmGzLgZTys1nQRpoM4tfw7QSp3GDdTwvjvhQ4txqbcb+donOJSpxkuBeTYEG6CRcXssXHh1+aVMcdYSFy8yHHDulBOYaWP4QZaFj6rY6fp009PTJr9JYQ2xO5szqm2/pSNr2BtY3JF9ekMLBVapYjDf7+DMxWlumswv0+P7SUTmHanhiimQqaUJmAlTqktrCyhKlEjNb6VW6b/eBa44pmrA33Vp2ixHEppTshKTwl1Sz9Qk23JtBBHjO6SOhFk38xeADUJYicKsuua14R8liT3mkUe3CybUzxo9RG86hSRpuO0caECuWbOl7dodJmXzNi1t4ocYMLQZ7xtZfCZZ0m+YA9IDOJcStU2rTDjgLpUq6EAdf0grVRapdDrbIzOKSRqbAQEq5gmtOTjsy4wXwSVXaOa3oLR5cZyY50lIJ90ZJCrzDeImKovwFDucpG2TZQt/puIstMyIdpMktKgsJQlKVDUEW0I/CK6mlONps42tC0ixSU2P4iCnwnx2l6XRhyqOBtSNJN9WgI/8AhnzHTp07RIgsOPEJ1Wnxh1HAk0TIeEbbRkSYURIAGv4xkUZEW4EssgG+0b269YwC17n8I23F7/eKMTPk5mmhEN1fmPk6JPv78phbg9Qkn9IdSi/TWGHHX7rB1aJ2+Td/9Bjo7yp+xlE+JPBXE3FWoSiKDMoe5R5X7OcVy+YpRGoVsToND20jPiJ+ELD/AAv4fVmqUyozAqmH0SZmxMOhbU7zilKsgtdCkqVtc3Ai1fw+/s2Qrdan50ZnpOTdelgr6QoJN1H0GscKhgDCPEKQqWG+J829TZeamkVdmb+ZLKH7JISAsGx0uQD3PURS1g9Yb+w+PM0fTqB+SJwMnsZSbhLj6jz+A3aZiB0NfsthbKlu6h6XNykeqDa3XQQG8bzMlKVrNRJxUxIoVnbdSFIKVdRrbUWBBHtF4eLdD4BcPMMf2fw3JyS25lwfMzEw+X1OgbeIqNtQNRbaA5VOAGBsUUoGgvv011agsOMPmZRex0ssk212ChETqFVdpBAMs/w6wkuvMnvwwTkxxR4b1Q1OaW7NMPIadeChzFJSVFOa41O+vUWgt1UP0alLap12lLQRmUnMoab+ogMfDjgau8IJzE7Uw+xP0ibQ0pucllEgKQVA50WKkmyhpqPPuXarjKVkpK703KulebJZ1IJ203hPa5rOE7TI67TCm0gjGYrwfi52XE5MzTXJczlKFbc4ZUmw9FE/aOom5mvzZW6tSgo+FsawLaDXXJ+uoQZVwyViFTJNg4eyf6wcsJTNLlQlxCHS4B/EIcaOxWrJPeY/UepvC9hHikYfVK0x9axyyEXF4Zf2u8qSfZbCk5rhWZJsBfvfqIl81OrqjKm5ayQjVSVjRR7f1/3iP1RpxSglaUocVuEbR2yreQYZXbsQiNNOkwpze9jfaHudKGacu+Um2yto8kJT5ZGZdsg1uesNtQmlTs43LpbUW3DkBB0v01gpeBKmfbiI8NSrNZq8mjlqWsOJabS0BlUpR0H3O8XowgmVw1RJOQYdR+6QAop6q3UfveK8cIMDydMmPnnJfOWwUtkkjxHdXsNPeDnS2WJlacyktDqbwfTpNtW+zzEt3Vmr1QpowWHyZOP7SIaHiWCIwYwlrf7QlYlKS4yEqIVbdQOsJl0OnPKUGphQ8idoFCUk4IM1DavqaqGqdDn7xz/tjLXIIP2iKcRqlQ6phWpP1OlSdUErLOvobnWUrTdKSeo02hRNUplg/wCMT7RF8ZMFeEq0hALhMk+AkC9/3Z0tBtFFQdWQmZ/W9Z6iUam8Kc/oZWP4YJhMtjSXmFeGz7ebTa9gfbWIH8Y2ITxs47TknJq5lFoCU09S7kJUtCiXR651KTpvlEOvDuouYTpNbnEJKH2GglpKgcxcICUJt5qIENNFwkhuYabzXeUburVqVrJuVe5JhxrdVXpbHsX6sFR9s9zHnRtDbq1rDfQMMfuQOB/vIxgrhXN1xSQUIlae0AkqvoO2nUwTW8OUTC0uW5dhJcSLKfWLrJ7xNKfTVMyrcrJtDw/woT9R6mNazgBCJByaqsylhJFksjUkna47RhGD3du0+t1qlA57wJ4mxnKy+ZKFlZGgQgZj9oF9V4lSDC1l5TjRB3WhQH5aQScY4NlJnmlvOkX+pvQfaAXi/BjLJUlZUD5HpFXoVj6jCBc3/KI6PYrp1Zy8l5td/wCRV4ZKo2kpJvmHkd4GVZwlMU5xL1OmFnXXKohQMbU/E9VkkhqcC3E20K739LxA6byhzJpq9pw4wZIZhlSXycotuCISKbDuo1PlDtIqFSaS4E3vr5iN10/IpVk2/WIKuOIeWB5EZxLi0KGpBL1ylIvfvqYcvkrgAJsb9IWS0iE/w6Hf1glILY4EZZilAsGyT7Q0tUtcvMDICCpVrCCQ3KANWyjbrCB+ijmBTYsoC9gesPNIxB5ma17gjmJJCmrmGmAzfM2gBYOhSbn7jb7iDx8OHCOqYzxjIM09aZeaC+Yla1FIAA+o2GuW4V52tEHwXINTKQ0qWS66oKJ5gA2BIykaiLz/AAY4ck5TFEzNsNkITJLCOYQpSCVt3FwB+Qh2CER7DzgEzHuDaVVTgkgR/wDiA4MIo/D5E1LrS8qXc8asltDaw/AnXrp1ikFfovIfVmGoVvH1Z4qMh/h9WkFCXAWL5VbHUR85ccUdpM29yUnID4Qre3aEtNhsTc3fM0PphH2iRPDrR5GW2x0h3qTwlZdCUjM84cqEg/jCaiS/LWoHb0hTIUuZqeIFTTjahLMIKGyRoSdyPaOv3jCtOcmNyaKVG6kkk731vHQUIC3gibM0jKB4dexjdVMSNcusBs2YWHxBLjPBaapTlKZbzTTPiRl/iHUQDK1JKk3M9iLG1ouFMU3QgJv5QDuM2B5ikp+flWFrYmHLLUlN+Uo3JuLaA9InU5UxrpLwx2NIGzxcxVLsttIqruVtISMyEk2GmptrGRETIrubtm/pGQw9VviH/k9P/wBon1dSg6kD7iOiWr62sYVIlx2vHYMgQtCz5lEqWLjyiNcSkBvBNWvexYI+9h+sTFLQSfaIbxgIbwFUdhmLSb+riYmq88ym0+wwMcMZptiozCnV8tlxK23FWuMqkkG467xHeK1clcYYRkaJVZpNOrdImVsNzgBKVtkEDMOwNiNe8dqE4pik1VxAJWllwpAGt8ptD5xV4DVnFODpXEzMshSpmVQubYSSHAcg8eW2o06faF9jiuwN5mg6VaSnont3nzVx+JtjE9QkZmYbmlyrykcxg+BfZQ9QYsV8HOJ14Ow5iOpljnvqcDEs6tObkpyEuZB0JJTt2gJY74W1PC6KlPPqQuWbXmCgdSFLAGnfUQdvhHws7ixnDNDSMiKjUMpC72UC5lP5GKbzkDMfaUt6zZ+IUcP8ZpXEnFSpyVIkJxyYkqG2mYeQi7heJUHXcuoUAhxA/mNtATpD1hzDEop4FuYbnpSYsjMAFJCgNDtoRsevQwRMNcCmuFWN+Jjs0EOztQqxSVoTYJZSjMhKT2KVpPtDA5SJalYqmmZdHKFRl1PFF9CttQCla9SHEi/ZA7RXqaQTtHHA/wDEwPUdYNRcWzkD+kTIw6iRfLDjQQlW2mkOkg5+x3AXuYW0/wAbQufdPX1/OHiiLaxdSHm1E/PSbhYeTaxuD4VDyI/WG51tyVcUxMJJKdEr7wDSWrPEU2qloGZK2sc4fTJgJnEqdy6pCFA39CIY3cTy0y9nZSp3XTSGR6i51c1jKVHcdDCmlryOcpxkJWOhG/pGgruUrx3iJ6rQ+G/pHL5uZqDmVKFJB+wiU4Qwsuq1JhhH0BV3HT+X5mGumST8+tKENE3NgALk+QEHTBmF2qJT286CJpYBXf8Ah/ywfok9d93gRR1PVjRVbifcewjvTqc1Iy7bLYshAyiHWWNtjtGiGACNNIVIZFh3jRuwPE+cVI7ObG7mLZS6zoshUOaJB9SBywpRO9oZ2kZdriHOTqj8moFKr26GF1qt3Wa7Q2VDi/IHyIrXJzDjQQtpSSOpitGP+LFUxhjoYUwrOmUkmHC2/ONac1Q+pRV/ILH189osJxGxw7KcOMSTDaOXMM094ocSbFKimwP4xQynYjYwlQ3UOvcqtTyA6+LasNq1Sg9iQQSPTtC23UPp6i5GCTgf3n3T8I9C6frmfWlvUCjABHn7j7Qm17Bs21i6WZln25+iT7iplLgTYpU0AogHtnSDa+nS0IqLTzNTz00GgAFFKLde5hy4Y4yYnuGHKlZkT00mYeYadsbtqVqTr5L/AOWiWUygiWp920fQmwsIT2WPcBk5mvfTV6e04XEaFYqZwmyHvrmANPKBFjTivO1WccV8s64kHYbRJ8U0ianZtxIzFajoN7wL8d0WqYeZDra0qdtfljUiBfWZRtEtFCs24943K4v0icfcpk1LVKVnyDkSWkBK7fykqFz5bnpAZ4hcRKaioPyvMcamGzZTUy0W1DqLn0Ijpi3Fq3kOs1Smc5A0DltvPy+8BLEVNYnZxbzD0wCr+F5Wf7GLB6bjnIMrZLaTuUAiShWIkTaxlslQ10N7xI6K5KVwJYmm0KPRXUf8tAqkJOaafbU3qkEA69O8E/B0oXHwVKISdANrxHBU5BkkPqj3DEmLdGlqTLjlZcvSG111BWRe0OVVSJZopCsxA2ERh2ZKV2Oh3jqgsZacKIscnGWlBKib2vfaHmkql5vYiIyZIzxzm4O+hhTK0ieYUlTBWbfywxqpU+Yp1GoZPHEnLNNzaCxBHeF6aMOWVBIJIhJhl6YdU22+2SodbawSpbDqphltaUnXoIaVVFZnNReLO8jWE6Sfmm1JBTZWhi8Xwk0t6WrUy5ZXKEsoE20vmT/T/loGPCX4eahiWgvVZMuvLmCWE2sFWPjUSdwLZQBqSew1uHwuwExgSgNy4QBNLALyh1I2/wCdyYM1FqafTurH3HjEWUKb7l2jgHOY6Y/Z+YwVWG97yy/yvFBcZ00GZe06naPoViFgTNCqDVr55dY/+0xSHGdLCJ10ZbXJhVo/dUw+8evn1R+kEMtT3OcEtpKlKOUJAuSYIsnh4SzaG8l8qQL23MSzg3w8lq6jEtTmmuailU9brSCf++IJQfbIo+toWGTTrp7xbYuOD3hS2BjtHiRI0kbBOsaqoala2sD5RMGJZIOqQT3jyYlbAWH2gfAk8yFuUdLaT4feGudkQRbKLdom0zLb6XHaGSdYvcERAqDOBj4kUMgm/wBP4RkPBltfpMZFeJPe3zDelskRuEXJ30hQhq3lG3K131gqZ2cEsk+sQfi7Sp+sUCWpdPlnZl+ZmUDI2m5sATc9hcCCRKyxeVYWAG6idBHaZrMlQ2ypORbwH1q6QNbqFqH3h1GhbVcNwsH/AAr4GMYKk01DEDjcxNnxBgf4bemgP8x/CFfE3irSqNJuspmW+YEkBOYRCOK/GUyku601NgKsQAk7wFsL4MqXE+pOVGfW63Skrst0buG/0p/rCBssdzmatEq09eAMKIzVnDzXFaqzLLdEYny6q7h5QU33BUFXT56xL8L4Jm+E+MKbiFFPp001IHOzT6W18slpQ2skkgi+trp/SDZh7DklQaY3KSEuiWYQNEIG/mT1PmYjWLWeZMIaTcqWrKB5kxbXk8ntMdretOpI03A+Z2n8cftaScqNSbnV1KoLMw8RIvEFSuxCSLAWGhtYbxGG6U7PT5rEzL/LpaZWzKtL/wAQ5ykrWq230JAHrfeCFPtJRKstBFkJGUAdBtDLWAAytCOibARY927vMyEJ5kDwSv8AY+O55KlEInUIUodAbkA/eCFiTDRmmua20V6eJI6QPZ5PKqbLtrKCcpIgyYdqIqFHlVizz6hkKb9Rvft0Mc9I2gMgzniL0vFTtW57cwVqpa2FaNOoPkL3hwoOHJ2tz4S02twp3UU2CfUwWWMGNvzKXplPOCt2k6IH21MSyQpUvKtIS22lsJFglIAA9hGj0vQ24fUtgfA7zI9Q/F2nrzVo13sPPj+Y24MwbKYelw6pYmJ0jVy1gnyT/X8omDDObpCNqXy7CF8uhQNr2jRbEqXZXwJhfzN2tt9XUcmKm2Y7BqOaTlIBOpjaZnGJBhT8w83Lsp+px1YSke5gckxzWq4ndDZjpk1hHTq5T6oCZOdl5xINiph1KwD7GHBXiEUsSDzGNaowypzIpxSbvwzxISLp+VAV/pLiQfwvHzo4s0SsyPEipzk2w+iiT09nan0C7bjKiPpO1wnp5R9N6zIiqYfq0gpAc+ZlXGsh6kpNvxtFS8QU+n0ufouG8QU35uSYdSG0OLzAAkAHTftCbXcgZ+Z9+/4ea1NJp7FAyc8iSykYakMOM0+mSDCWJaVRlCEm/exJOpJ3J7kxLajiWXoMqhpSEqdUALqOg9usJ5Rtt+ZnqpMrDUiwc61q0B3sB56RXHjPxsZp78wuS/ePgnl5tQB2tC5VFa5mwKvrLeBmFqs4+k6chxUs02p9QN3FkD7RAUPt4yWt02cUklKk+cV9pFTx1xXUv9kUWYcSo2+ZUSln2XYCCxwp4M4ywe+5MVLELIacIWqRYbU8EkdcxICTrra4gQ4PfiEPT6S8tzNsTcJ2aqyq7QUFDYiAnjbgM/TWnZtpoyzCLnxaJMWRxRxbkMF1PkzdPXNAfxBwAj2tr94g3ETi5RcW4emWJZSkurRZLa05CIqOQMier3ZGRxK3UbBwnJsMrQnTTPm0MFOk4Jp9Gkw6fE4B7CIDLPvSbyw2SkK/m1BhdL4oqDCFNl1S2v5Cq4H9I8CT2lrqMzjW1qTUXACbCGN9SWVFawU+cPqHv2o7mAuel40doxeOcbdRvDChOOYDquDxOVImWlrShYKCdioWBif0eQDqUqCRby2iEy1C5zqClakFOgB29IJGEaLMy/LCUlzvY3ENFrBHBmZuudThhJTh7CKp11GRu56ZRFo+Dvw/zmJG2JmcSZanJUCpxW67bhP9dvyhh+Hvh6nEVclEvNkMg53NNkjf9B7xd6Sk2pCWbl2G0tNNpCUpSLACDLb/AMkgC/Wf6fzEoq/OWnwo7/eaUulytHkWpSUYRLy7ScqG2xYAekKoyMjOFixyTHaqqAKo4E0mEZ5dxP8AMkj8Ip3juSCZ13TrFxztFW+J1O5FZnUW0S4ofiYaaFuHEqce9TF/ANAfoGOJMkJ50ikjv9LoJ/EREynxKt7Q5cDaoJbF1VkCfBN0x9CR0zCyh+AVDaV21sIK1Awxb5A/t/tO1DDMvwZz0CgY6lAUm46xwcIvfrClgpUjvAYhJ4jfNMeAkbw3ytCdqzziGkghpsurJNrJFhe/qR94d5wpbQSTYdYCPE/ikqjmYkZOYcYubFTZNj69xeOggHBnEre04QQtClU8ABc/JhY3HzKRrGRUp3jliBDq0oqjGUKIH93Y2/8AJGRdtT5hP5LU/E+gbq25dtTjighIGpJ0hofxDLgk5wGx9zFe8R8ena7NqcLoYlgf3bCTsPPuf+CI1P8AGJRQQHST08UKtTqQh2oYHpNATh7R+0slWeIUtJSqkpcAt0BgG8QeMC7Otsu+I30CoF1a4jzc+D+9ISRsIT4coj+IplU1OKLciz43XV7ADX3PlCrduPzH4UIMngRfSpZVfTOVyuPLZokkjmzLyrnTokdyToBFsMC0Vur0punyTSZZASAy0NADpa/r3gIzWEZridw9ncP4dQzJpeLSWW3jlSUpcStZUQDqUpMWO4b0mZw3NtLnkgISQTy1X2h5pNOMb37/ABMb1XWtfmpOF/8AM4TVOcknFS77Rl3WfrQsWO1/tA4dmE1PGMs0AMiXSo2/ygm/3A+8GHFUx+2nH0qambrzDmtgXG+x8hAbwZSHGMWVv5kqU9IJ5BUvQnPlUkkdCQIr1Gn9BSR2mOIcsu6S6ZazJSO0RuppHPNtRaJNU5gSzalgZ+gA6mIQ9UXpycUgISQTuk7CELAkxgBG2q0lpTTjw0UgZvtDxgLF8rRZxluamGmZd0ltSnFAAEgWPlqB6C8Jp6RdmWQi902N0X3gGzGJZKQxI/JTL7nNZdU1k5KzYg2tt+MOulXipsnnHMzvVdC+q9qcbhgy60ljSgPgBFakVH/+Qj+sOSMSUgggVSTJtf8Ax0/1isNAr0ottIKXie/KV/SJdI1qXugZXgL78pX9I2J6jQ3YGZCn8D2KObv6fzD3J1ymvEEVCWt/9ZP9YdWqrIk+Cbl1ejqT+sB6Qnqe6lIAfKjuQw5/+MPDUxKJNgHQPNlf9Ig2pqbtmNafwk1Qx6v9P5hVbqEssgB9onsFiFCHW16ZgRAtZq0oi1+cLf8AyV/0he1XJVIHicA82lD9IqNtZ7ZjBfw44/6n9P5k/apUg28t5Eqwh5asynEIAUo9yRreF2dA0BgcGuyqRo6sDyQr+keGuSmn94HuCIgbFPcmXr+H2T6XH+n8wkhRvfUQPeIXDDDlUln609T7VCWs62624tKcwUCDlBy7+UeIxJIIsDOIHqbRzq9fk5qlzCEzTb106t573HX9YrLoBGWh6XqdLcrVXY5Hb/3BJjBSa1QjSW8QimC5Km0sKduT/pI19YFNM4J4dFZTO1ibmq202LtyrkuENqV3WLnMPIm3e8T9+s0yWnHCvIklZNxoPYGFlOr1KmFGzqQPWM3Zk8Cfa69RZUu1T3iuTrVGp7aZdmTfASLJQlKUpSOml4iONuKUrh5ggsLbCtBZQEO1UyMzLrjYum+4EBPixmnm1KULrOuvSBXyonKlDN7jIXj3GDGIyspSQom4J3iAqUlYAufW20K3pVSFFKrnzIhKpstq0uP0gLdGY9oxOSgUKAJukbQpbaS6M2xjmRzvqJMbsJ5RuLgdxFinHaQYZnRhtUnNJfSjwX8SYfZlYK0PJFkOC/vCOTIdNjr6wpmmnGWUhJu2FX06GHVLgiLLR7hmPFKkw6U5hftpBUwPSSp5sAHcQMqAsEIJPtBm4fvI+YavbQiDqclgIm1iDBMup8OOGBIUl+oLQApQDSD5bq/T7QaibxC+ETbKcDyCmSCFZifXMR+kTSBtc5fUNnxx/pFeiXbSD88zIyMjIAh09P6RXbjRLiWrM2q25zH3F/1ixN/yitHxEVdDFVmwFC9gka9QBB+jOHP6Stu4gioeLRhPF1OqhzKabWpLiUmxKFJKVAeyjEll5vmtgi3ttAfxDUR8shy+yt7wRcOzgepTDgP1ICvuIMscsAPiFEAHePMe3HCQekdJN/dJhAt8FOp2jViYs7vpA4MqY5jbxPrX7EwlNOhYQtZDaSRfU6/pFNcS1B+rziySrJqCoHSLR8d5u+F2GwfEpwqCT1sP94AEnQgtkFxOVxzUjzP4RUWwSY80BCVbj3MgH7LvrkBv3SmMgif2IdVqHU2O2kZHPXPzGfqwMJqVW5oIUrl33TEjkHZhxKQVErO3nEywLworuM5xEtTpFbhUfqKdAO/a3nFqOGnwf0WgKYnsRzCqpNpsv5ZHhZSex6q/AQiWl7TxAdRqqaB7oJuCPw5T2O1NVGrKXJUYG9wPG95J7esWRr/AbDlSo8tTZVt2mMS98plSAVX08VwbwSZSWZkZdDMu0lllsWS2hNkpHYCNyoqVtDmjTioZPeY/V61tScDhYOcL8Jm8GkGnTr2wB5gSoHfsB3MStEhPoH+O2v1Rb9YeiLJv1jS4vrBqkr2ixgH7xoLM/tmR65P94i1Zp65ObesU8+ZW3zFpRYkDa/ewghjVPnELryw5WDc6A6ew/wD3A2qtIqOYFaijGBGmZZaS2oFGcgHU9YhUwyiVcWGk5b7i+g07RLatOIbQbgm+mvSILOTS1TDhvqqMs1pnApndSykXBSBbrApxFQ5hWMJx9C2wy+UuIBFyPCAevcE+8EJbgN8xv+MRzEzeVctMo0IJQfzH6/eOae81vx5l61BiMxfQaTMtIT+9bJtsUn+sEvDuDnaihtfziEDqOUTb/wC6B/QZrOhsntBUwJPDmpbJ0GsaCqxmMY+iskkjhOZlQAmaaWB3Yt//AKh3RSnUjxBsegMO7KQtAPS0dkNndVjDEMwlRrX4jN+z3rDKWx/4T/WPRT5hQ+psjzT/ALw9ZNPKN0S2oPtHd7TwRYxCSmU62aUfQx0Eg+U3yo+xh7VL5Tc2juywki8RLtJbFkfEm/b/AA0H7xFOJlQNHw0vOhLbjma2vQb/AJwTVS4Kxl0ge8cqEmqYMWlFkvoXdtfqlVx6W/IRUzsR3hmmVPVXI8z5u8WeIU4K4sSs8WXELJSUEH7iB1OcZsQ02/8AflBR0GQQ98RMPqlcQTDa2eWsKN9IG8xSHZ3ELEsUFSNFEgX0vCdmbdyZ9PKKtIIEuzwc44NcSKSwxU5RMpWG286kA+B89Vo66bkeZ3Ah8xdhlU+jmBAyKFwLbRW+l0d+kMSjsq4uXfbIKFtnKpJGxvFrMH11WIcJyq51tKZ1tsIesLBRA+oDz39bxcCLBmIbV2HcpgBxHhtEs+4pSbW00iEzTXLJuL9dBB6x7TLJWttI+0CCqUpfMOlheA3TBl9b5HMjC2AoXScp7doxIXm8toXOyhQ5a4sIxDQz2sNukQU84MuJnssUoXcEm2hh7lFImGC0o+FYt7wz8goOb73hdKOlBH6wfS2DA7RunSlT6ZSYUy4fE2opIveCdhPESWH2yFp+8D5qWYmV8zInmfxecPVEnkyyk3CbpO0NkbDAxRqPcMYn0a+GfFzrmC335tZVKF/lS6Ui5uB41emqR6pMG1mtS748JPvFRvhixlOVigzNPdSFSUhl5LgTYpKyolPnrc+8H+UqgbSNT5xO8LbYWbuZnCbKPavaEJM22rYx1CgrYxD5etIAF1e0OMvWG1fxEHzgVqfiSXVuD7xJAdYoZ8RWMefjSpslRyofUkDtYkReVFRTYeIW7x8zuOk+tzH9YWVaKnHDr5qJi/SqVJzCPVWzBEYcQVi1IUonQKGvvBA4bVoTuF5UhVynMg67WUR+VoEWJ1f+zBsLrWnMkee4hXwHxOahIVGTz/vWHkuZf8qhp+KTBLLwZe1mUEsGl7MnSN2XDzARDOxNHlgnfTTtC2RcLi9D6QPkSotGPibTTXf2dJJN1urCEjzUpIERScwg3JOrYJuG9usGVGHnDM0muTZbl6Uw6tBW4oZnV20ShG6rG1yBYfhELxCGZ2qOuSyw6hayLgWse3lAlx28ZjfSs5QHHEhyaIgJAG1u4jImSMPTJQk23HaMgbDQv1DLAYawtS8KSCJOmSiJZlPYeJXmTDxfztHJJtHRStPOG6oEGAJiXdrDuY5M1va/X0jYWBv1jQkjpePCoA7WiyQm7ixe0cTqY3UL6dd42Qi9up7RGeniPogc1ZwzFacA1CSTf3gizahLyzrhFghJVt2EDCVSt2aeU4QVBKQT7Qn6mdtMHs5cCNdeXeWNtFDuYhi0KU4bmxvqL7RJMRzAb2Ft94ha31oU5mJIOlzGT8S1RmePz3KdJsSg6WG8NFWeL0otFiNL6x2mlqUoWH3hG+VWBV7xEMQ2ZMcRbh2ZJABglYWnfl5tpV9DpAgojxYmig9DaCFSZsDIc2xjS0PnBjIcqJYijzKZmVSesOiEm+14hOCakHGkpJ36GJ/LpGW43hypyJQwxOaWirQi0dW2VIuSLiFAaJ/2jryVKTa1xE5WDEaBmUSR94WMNJy7Wj35YC1hHZCQExCSyJz5CQQbdIG/F+aU5LtyDZsUtqdUBtc6J/JX3gmvOCXllzC7IZQLrcWoJSkdSSdBAYxPU/2zU52YCgtvNZsp2KBoCPW1/eKLG2rGmgpZrQ5HAlAOLVYbmH106YlP73LOKQmaQq2ZN9lDuNdb9Ye8C8Dm6zhOjVpoJMzNNqU4F6ahah08gIlePuAE9X8XzE4qqssU550r8LZU6AdxbRPveDJhSTkqNRZOmSzfLYlGktNpJ1sOvqdTCzKluZu77cUhajzA7UeHS6OyyHkgkHoIlFCmxTG0pGwTYjv3id48lm5qlh1sAqSLkRAJKUT+y3H3jqgHS/SDMKvCxGGZuWi2qNM1Rjmp8batiIGWJaQtDpsnwCEc9xL/ALKVTQGZlHFAOshWtv5h5xNVPyWKKU1O05xMzKPA2Wk6gjcHsR1BgVuYYa2rw3gwOT0oBMbXuY6M0RbqgQNPLWJfVMOn5gLCNL9oXyEghhICkgX2MD7Oczm+RVnCS3GFLJIB7wyzMiJVxSToR2gwsyKHGcl7Xgd4vob0nOLIHgOuaLAcHM8MPGaVfLSwQdbbWg/fDzQcBYrmXpDENND1XWrNLFcw4htYtqkJSoeLrre/S0V0KloNj0h1olaepc20824ppxCgoKSdQe4hjRaCcGK9VSxHt7z6a0GiSGHKc3JUuTYkZRA0bYTlF+/mfMw5h5aBoYDnAPjbLcQaYilz7oTXJdI1IAEwgfxD/MOo9/QvrVaDyMd5lmBB907pmHLaqI9IUoqXKP1Q1OPKT10hItSlbExIGV+ZKf28oJPitpFDeOsm4riFVGwLZ5pWXzBsR+Bi4bj607q0itHxCSXJxo3NJF+dLIVe38QKkn8AItU+6WAYBxArjZ9LFNbaSR4QBYdBEL4I1Q0bihUKao5UTMupaB/NYpUPwJiQ4jzuy6y6rxKJ0vA/VMjDWMaBX/obYeEvMqOwbX4bk+WY/hF6gHI+ZwsduJcOWdC0Aw70p274ERmkzHNZSb3BGhh8pzhRMJt30vC0d5IHiL8e19uh1IztTfbShiXTKUxoozBpAH7xxIt9SlXur17wpwTT2Mc0qSnqegrbN3lu5MtwDlzG/mI14q8P0Y1VSp3MuWXJywWzmTdEwCAVJPuLXETXhxVk0vh1d6TEpPza8jiQmyUhBI8I7bkesJq1JsZn7ifTrmqOgqFfcgTX5ZtHhO402jITqmSVE5hvGRfvMS+gPmEtCiY3udLxqAEjTSPFKN7e0PJgJuCSeka3trHmoEeKV3j2Z6b3N776R0auFDXSOYXYdvSOjarm/WIyWJwrToapb6u6Cn76QMG3lNuTatgV5faCFiyZEtRXT1UQkfe/6GBehxSZF55VstivUxm+rPnakG/6kjGJpoKdtfN2EMBbU5LleUA9dY7uzpqcw44VeEdekeScwgKU2AXVOeEXGntGeHwYQBGd4Aq219YSzig2LdR57QuqLa2KmuXsAE2A8yRf/npHNmkLqTxbaLKVEgBcw+2wi/bMtQH4x3aScCWIj2sFrGT8CMrauXOJc2Cu/eJzRnUqSi8QjEE/QsLzPKrFdkZRSLFSZdZm1J9mcw+5EKqTxt4fUotlurCePeZlZhsX/wBKUm3/AJofaaqwJyDNXouhdQ1Awayo+Tx/MO2DaiWXkpv1gy0p4Oy4X5a9I+ete+JuoTmJVy9Nm2KfSUOAIelEJQSm48RWPFp20PeIPj34xcdzT8zSHKkiYkbFtUvMNAqTcWKVLSQVEa+KHagomWM0g/Bd3pi225QCfvPppVuJeEMOKKKrialSK0i5S9OICh7XvCWX424CmacudbxRT0MoBVZ5zlqUnulKrEg9CI+P1Mxm9PzWRaCf4ysrKsiRqTqTfQHeEsxWpnE0zOTJtzVOAJT0SO35Rz1qj2b+kf1fgjpxrBNzMx+MCfTTF/xyYIoCnWZCQnKu6DlacbcShtel79SB2PXygHYh+OjG2MZ96Sw4xKYdpw0XMJaS8+PIKVcA+doqS7MCVp6ngvOlBLbau5t4le5NvaHaltOs0JqVYJE5UHESzZ/zuKCR+cEoyE9psdF+Fej6M+p6WcDJzz2ln+H9bxTxjqctVqnVp7+zEm/ZsuvqW9VHUHUrWdmUm9kiwJ6aQfHneVLBKTa0R6jYdk8I0ulUaSbDcrIy6WUADcJFrnzO8LqhNAJ8OnlCG64u32nznX3LqLSyKFXwB4Eap6X5pJJ3iPzeaScK2z4099jEh+YABzG6TpDHWEBRKk2tA2Ytx8xgrOIv7qs5r6eJN7QKq7j9LLLzYVbKCSm42iR4wnG5dbhzZb7+cAXFfMZdeUhSnUrOikLt63EWByBjMilY3ZxGTFFQE45nQsnMdiY8wRxBqWCqgVyqw7LOEB+WUfA4B+R7H8xpERqE4tT5A0SNrQlbnsoAAHcWiKkg5jP1FA2NLg4ZxLScYyInJN8ZhbPLuEBbZ7EfrCudDIWlNwVdhFTKXimYo77cxLPKYdRqCk6wb+FnEWWr8w27iGZlZFHOSwytTgRzXCCQCD7bdTsOtwy0X2UjllMLlKpLrykFdwNwmFtXwnLzTBLovpqYlEhTkJZStOgO3pCSurLbC0DTTePHA4i5ScyvGMKPL0ydKGjv2iLrdudLgDziWY2bUZ1SyCoE6+QiHvIN766dTFaNg8w2xcgGSfB2KZ3DtYlZ6TfVLzMu4l1txG4UDp/v6mPoRwz4gSXEPC0tVGFpS+RkmWQf8Jwbj0O48jHzRYmC2u6RtBg4F8XnuH2ImluOKXTZmzc0ynW6eih5pvfz1EPKLPUXaZl9ZR/ziX2Ub6g6QncVba0cJCfbqMi1MsLDjLqeYhxOqVpOxB7Rjrl+wgnESkYnN9xQB2gRcYMJz+IUSr0nKLmXsy0lKNwDa17+/wB4Kz6gU6i8I1WbbCU9NI7jnM6HxKjTXAHFtRmVqdal5Jom+Z98Ej2Rmhnf4HMJW9I1g/OsnwqQkFKVa7336dxFwJtvmXvrEeqeGBVkqKUpCkDMpZsAAO5MdLv2EqBGcmCmkyQkmkNIFkIASB2AESSiyjk5UJdhpOZ51xLaE91KNgPckQvplAkJ9h6Z/a8k1Kt3usug3IJFh0vdJ0JG0J6VxGpWGajMVCj0ZysP0xaFoMw4CMwIOYpTtsbC573j1dTBwzTruCu1YbuNkslc7SMPya0pEjKtsMhzSxIA3HcBPTpA8cl56mJTITZGdkZfCdL9bd49qHENOOZ9mtMK0dWVaHUC+nvaw9odcSVlied54KQpep8ozrsC5J7z6LRmuhK/AEZwybb/AIiMhGZ1JO8ZHd4+ZfDAhfaPRubxwG+sbBenSNFPmU73jRSxe0aBeW+v2MaAjOCTHMTkUBRHSPUrIULgxzS5/wAEdATcREzsjfEKYCKWym+pWT62Sf6wP3JRyekky7aiApvKo7XHWJPxUqCZWXlkL2CVrNvYfrAhrPHeg0GWcCGn3X2025VkpsbdTc/gIyfVCWuUCDZGWJjVxBxPSOH9QkpKozCWlTaSW2m21LKUDS6gAdL/AK9oaEcQaEHE8ipyrilC6UNvJKyPIbwA8W4jqnELF8zVptKlzMyoIZaQDZtAJCUJHv8AcnvD5Kyslgp5D61JXWHWvqIuGxe9h539Pysvq01t9gRP3mg6D0jV9ev9HTrx5PgCFPFuL5OoTsoHzy2m/EGQbLcV0zWNwOw31MCd7itP1GbqVMnrB9tLi5QteAGyb5bbna43O8Rx2uKmay2XnCpSlgqJVqYgtTrRlMXNvKUUct8Zj3Tm1/C4jV16WrR1gnkz9IaD8OaDoFKmsbnJ5Y9/2+IoxpX33kNMuOELBzE7XJhslHS5JKWVEBIvfuY58RyWMSvtWy5CkWBv0Ec6S8hUoW13ynXeK7rj6nfiVWWb9WyfEyQ5s7NC6iEX8R6AQzV2ot1fFlQeSfA68tYPqbwsrVaEuyZZgctA0JTuYhUs6pM+SDqo7mArHJyMxTrb1pC1jk55k8dmWqTS3OTYOupKSvrY7wmwxNKAcTc2c09YbKnMEtNoJO20O2E2h840SPCk5j521gVHJIEbU2l9TWqcASQ4iAl25aTSfC0lts22ufEr8VGJ9ggNLx/gGWdsGDV5cqHobj8bQPK3d98uKvq8k/lDxWKq5QmaRVmL82QnWZgEH+U3h3XwXx8TS6lf/j6kL/2z6NVlVpgq6iGGan203vqTHdjEDGIaLJVOWWFszbKH0KHUKF4aHlXBUR7QjJzPhJGOJxmKgSrwi0N8/O5WiSoWEY/MoC9bjW2kMdfmwJdQvrbpHZQTB3juZEzzLG9t4CGJUKbWpSVqRbXQwTMYVf5Yq03O8B2vVgzTxsBa526xWzYPENpQmRKoLfJUd/M6mGu7pVt72h2mCXCSRYnpCR0cvXYDpF6tL2qHeJ8hb8Tir22EIJyrLcdQhKzkb0Sm+kbVKdyIOviOkMYVmWOsEJnMBdxWeJfH4VuLRxhh9WHai6ldUpzYLC1HxPMDTXupOg9LecGOpyfNQoaH1j5x8PMZzuA8VUusyKjz5RwLLfRxJ0Wg+Skkj3j6RUypSuJaDI1WSc5srNsofbUOqVAEX89fvFti5AYQDUIFbcPMDuNKEkuKXl06wOKhT0htQAsR3g+YqpgdSdDeBVWqby3VaWF+ggYicU5EGrjgaUQeh1MeszxQ4FIuDvG9clwh8rSrXqIZRMFK7lXqN4vps2nvIW1bhxDRg/i5iSgUpbNJrE7JKZSVIl2JhSEOW1IIGhgz8FvixaxXU5bDmJmHE1J1YaYn2W8wWo7JWlI0/wBQ9+pio1KnjLvpNgLaja0Sumzc1Q6qMRUlY+dSU8zMRZAuBfXS1oeU2q31QdK0vX8vYP0M+irwWglK0lKhuCISuhTiSE7na0B3hn8UNJrsrLSGL6tR5dxNmkzDKsriLCwBP0q9Ljygg434n0/B0i29TuVOMvIzMzzas6HR3SRt6bjrBSpuODEfUemXaHnGV+f7x8ekvlGy5POolmxr4j4j7dPeIRjfiBTZWkTLFNWFOBJuSq6joYrPxW+JKpOZ223Avc2Crd9YgPC7iLNYgqsw1MvZnJjwpBN9f+EQUqKAdoiAq31NNMbcfKxgqRxBTpQgNTCSmXW8gK5RUvU2PcE2PnAWo3xG44oIm1ydbcQp4jmcxCVZ0i/hvbbWF/HuosqxS9TGXucmUHLfcSLBTm5A9NvUGBezhOtzMs3NS1In5mTeJS081LLWhZvawIFjtAlt7DjHEc0UKF7S4/wo/EFOYrrs5QasGs5aM0ytoFI+oBQNz3UD7mLLTlZIdKSvQecfLbAmKKhwsxzJzz0u/KuMnlzMs8hSFlpf1CxsdrEegi69P4qMVeQZm0vh9OW4cGmYRl9btDBgO812gYupU+IahVdPrH3jIEqeIkiUg/MWuNu0ZAOYx9N/iXcC7xre0apOselWvlGyny3E2CjYG97R4VE2/ONb6R4VWB8o5PTpziCNtIUMuFephAbixhRLPBSbARWTJYg34uqVMvhpBsoMgi/XxH+kVDxhhyZFbmCEFzmLB8PQ2AttFseJD5crE0D/AN2lKd/8t/1iv2N6m3RlvFK7zTwyHLe7Yte/rp+MZjUK1+pNSw/pPSLus6xdPSO55PwPmQxT7OFaS6zmSuZWq6tNEG2228DfGdZUmdkporJLjeVRAAGhPb1hZXKsX3XCFlV9yesRKsvir0hTO7zN1Iudbb2EaGulNJVtXvP1poemafomiGn0o5A/cxNUakUPJeQbG9xDLjIh6ZlpxNgl1IzA9+sIWah8yyUqPiSLa940emTU6QtlSv3rOqfOEralrCVaK9VqxqamA88j9RO2MplT9XQ6tWZTjTSiT1uhJhMJwsyxymxtHHED3zLdOdB1VLtg37pGX9IQvO2ZOvSKLHJxM01hW5nnGbf5p3uYQS//AG1A7KEY48fFbpHlNGacRfvEBEt1m9wPvHWfcKphI7RJKMr5doWFlKsIi0wrNPAecSOXXlU2ntFXI5mi0L4vL/Ek1VGeVWRvlCx7GF07L/tjDT7I1WW7i3fpDfzAttnN9K0FB0hbRnS20phR1ScsOqrAWGfIn0BQtjNWezjELvw08bELw7K4aqLllyxyNLUfpHQG8WLbnkvJvuk+cfOypIfwliIzkoVNNOqK0lJ2PUfjFmeD3GZirMNyc66Ev6ZQfyEKb0NTn4nwzW6Z9Pc9TDkGFqtzJl1ZvOINiHEQQytII2O5h9xfVUoaK0KBTa4N4CWJMQKW4tCbW1trFRfiLUTd3jJiiqGYmHMyiCb2F4gk2CFq1+8PU8TMrsc1ibaiGqYkSm5v4RveKhkmMkAEZHxmN9zDVOKyBWpAh4nAG0nsO5iLVOaLylIb0HUwZWJ12wI0Tj5ddI3SOsayjRW5e0dkyhUrbTp5x1KeSpLY+omDAQsWClmO5p0W4GVAgkERcv4OOICq1g+dwzMulczTnC9LhRueSs3P2WT/AOaKWTi7uBsW1OtoJPATGX9hOIVMqbjhRJqUWJmwvmaVofsbH2i1PcpU+Z7UJ6nsXxL41uXUpJ633MDzElNGRRT03vBUqCBMNJWkhSVC4UOsQqtyIW2pAAPrAxilDg8yveKZV1ucuE+Ek384jk7LKZdJSq4PvBcxJQ0uIWSnLa/XeBxPSXKKkm2Uba7xTnYYwUhlxGiXmFt2v4h0iS0WsJaUErSlxtei0uC4WOoMRZ5JaUoAgjpePGJrlqCgdfwg6q7wYHbT5WKcXUZGGn25yWQZiVfWSlbpOVvqEAAg3GupPTrBe4M8W3q1SVYarkjN1WhzKsqkycitSmDsHEOISopUBfdJ7HeIFTZ6VqckqRnEJdZWNlalKrWCh2O/3gb4optSw7NqYemXFAWU24lfhUk9Rr6/aGy3kDB7RzotQmorNNwyf/Ml3xG8L65w7qqHip2o4enbrkqiWynMLXyOgj924AdUnXqNCIGGB8UP0Sph5C/G2CoJPU20BgiYI4pVHkIw7iGZdrOEZtQbmqbNqLraEnTmN3vkWm9wU226jSBzxOwQ7w3xe5Ipe+apr6BNSE6n6ZmXUfCu/foR0IMGpduGc5ma6n0tdP76h7D/AEkUxHU36hOTC3nSXVqUpSj/ADEkk/eL54YZZoFEp8gwE/KS7CGm0gWskAAf884+e04surc8wRF1MKYslqpw3oVQlVktGVQyq5uUrQMigfMFJEAXHev7xWh2sJAfi0wpL1GnyeJZVFpyUIYmLfxsk6X80qO/ZRgOYFxzM0tgShdOQCyQbWAg84rmG8TUqZp75ztTDam1eVwddYqatDshNqacGR9tRSoDoQbGFjVbl2NGtV7VOHWGn+3Cz/3yvvGQLkYgOUXBvbvGQJ+VMdf4kJ90UuBXWNh1tCdKwNb36RtnJNukabM+b4nYk2jlclRGsbhdk2jmXRnA31jx7TomONqW4ki9vWFUsgN3B0HSE6L5gb2Ec6rW5WhU1+dm3UtsMpKjc79h6nYRWQDJorOwRBkmBfi9iNqgTVQmlqzPKd5bbZO5sBf0G8VMxXiFybKlFy6yslSupPffzMS/i/xDcxLiSbfdSW7qUUp2CQSSANfTWAvV6jzUrTmvY3iNVC0FrW7mfp/8JdBToWhD2j/Nfk/2iSsz2vMubEanvEbmaqWHUrSRYH7x0nKgjKpKjdChl9Ii87MFp1bK1XvsqE2q1BsbiMOoa8ocrOmIVCnVQTLGkvMDOANgeo+8J1TPy5beR9CxqI4OzgnKe5KOG60eNsn8oal1FQl2kk+FJynygH6+ZiL9SqWFgeDyPsfMf6g+l6RlVp0y3T+JhqdfzC140l3ypp9tWoSoKB9YTrV4jrHgPBgduo3gMJ4SVrNjC+loHzSQYQNGxMONKAL9yYke0EqO6wGdm08ypAHvD0w4Vvq7CGVohM2tfUXtDrTzZoq3Jiox/pWwxHyZInJjlyrKj9IML2XvGh5OlxZXpDC84TTT5G8LaNNc6XAJ1EW1uQRmbSjUZsC/aPtSk2atIqZdF0qFwodDbQiIk25NYXnRclKkm6VpGiok7LmQZSfDHGcyOtqQsJcQf4VCGVgW5OZX1fpadQUXKdtg8/P6yQOcZpioUX5eYOZ4DKF99IiisTOzazmcB9toYahT5RFyhbjHobiEUu8xLm6pgm3+X/eFHpBOMz5tbor6G2so/wBZPKetb5zLcShO2scqpOJQlaG0g2GqkkgRGP7XNSyOW0gun/Nt9oZp+vTVQJzryoJvlToI8E54nBSq82GKp+bMw4oFd09AIQFrnOBIFvSOTZU4oH8TD3S5ZK13P0pF1KgkcSVVIufaoje+0mQZK128oZmHStbswskJTtCivVIVGfLTV+Uk5U2hFO6BqTa1JIB9bxIQLVOocqnZf6meyyS6pT6t1mw9IkNOliCkDS+8Jpenn5tphIuEAAxJHZYSFPdeVoQLCO7jnI8RloNATlmHbvLm8AcaDGPDqUacdS5OU7+5v2UCbJ+gkdLpt9jEqq0uCpVtAIqL8KON3cPY/ekXnCJGqIDS7mwS4kkoUfuU/wDii5E60l1CjqYkxzz8zIa2r0riQOD2g5rkoVlRtvA0r9KcLhUkA9yBaDLVpUqSdLeXeITWaeCFH7iKyMyhGghqEnkJBy27EbwzON5STy9AL3ibVaRDbhuAT5xEqinKq1iTfoP6xBTgy7ORicZaZLCwoEi2sSCaTK4wpBp80Eh5F1y7izbKvsSOh0v6RD1Eo2vvbQGMYqKpZzMFEEG4vrBq2cYMoKMp3pwRI7U6RM0SddbUhxEy2q9mgcyRfpbaJnMYzRxFwjL4UxRI8x6XCv2XVkJ5czLukaJWbWcbUbBVxcXvfSHKpMjHVH+WS+qWnUeJCkqyBy3RX6RCpGWXT2XJOaHyUw2S4h3lquTb6Va2GuxNoLqbaceI5q1Q1FZFi8eRA06FtrPMSQoaFJ6GDLwAxs03Kz+EprN/flmYlF5tA4Ei6fK4TfzsR1iK8Y6aymsydclAlMvVmea4hAslEwmyXAPXRXuYgcpNuyUy1My7qmX2lBaFoNilQNwRFmccHsZjtRT6VhUeO0suOexOvNrWdTYpOljAV4rUv5HFK5hKMrc2hLl7W8QGVX5A+8ESjYvRimSYqJQlh8Eh9ptV/ENz6HQ+8R/i9JidoshUvFnbfLRB/lUL/mgfeItIq2YKbmMjzljsftGRCezPvKk3V36x2vl3v7RxR319jHW4g4HMQzwva6C8bpF7HW/Yx4bHTrHoI7x2eE3uRrsO8Vf+I7i43OOqpFPdCpWWVZbiVj944P03H3gm8dOKMvg+gPyEpNITUnm1BRSbqZSRuR0J9usUSxZiEzSCsKVcrvmUdT+n2i1APqM+xfgf8P8AqN/ieqHA+n+/9o3YtqyhMJdzKuu5NzEWmJ0TDC1JV+8Ijri6oZaSw8FZlFVt9hESM6ptAUkkpP4Ql1upbdhe0+q67XenYavESzk4UqUhVwoHaG+Ye+aaKSfGnYx1qryZlJcH1d4ZVPKRre8KAM8zAazUFWIPImhmyh4E/UmPKigcha07LFxCacVmPMR7x78yldNyqOoJAgjHYzLvduLI37RRR3y6Fi+pRHV06+kIsPH967sRlMKXVG/vHG4aT07ltOCZ0bOh84d6Q1ZRJ3tDSwATftD5ShfMfKIMcCMtIu5wTEcw5y3FgdTDtKryy6B1MMs4Qp837w6Sx/dIEVntGdL4uMe0HNIuC8caLNlolJOxjZlX7lQ7iGtLhl5sjziAjtrjXssEmrb2ZvNe8clulRtrbyhNITAUga9I6LVZR0uIJWw4mnF3qVg5jZVG0ui2YX7GIxNMllRHTyMSmpoSWSogmItMOJKzESczHdTADZMT5Nb3j02AvGingDa147S0qqZN1XCe0d+8zeAxwO87ySC8vuB1hTVakJKUUy2RmUNSIwuJkmDawNojb7y5yYOvpHR7jL7bPydXH1GKKYyVLcfUNE6j1hXhmV/aFdzkZkousn02/G0ZMI+UkEoGhOph3wPK5Gpp4jVVkAj7n9IlnOcSrSaXfdVU3zkx5o1P5s66sjrYRzxpMhhtEuk+tokVJlwww48oWtcwPcUT3zVRcN7gaRMjbWB5M3esVdDoCR3aOOGZhdOpU9PNLU26iwQtJspJve4PQ6CLz8IcfI4l8PaZWrj5paOVNJH8LydF6eeh9CIok8v5TBKraF1RJ8+kFv4OcefsnET+G5lwCTqgzMhX8MwkaAf6kg+4TEhyuPifO+rIPTqQd8ZlrqhLg3vvEQrEoLnTWJzPNkjQXiN1CWuDpaw37xCZMHHMGFapwWT4dYH9blSgr2Ch5wWquxdR6AfjA7xHLZXFkX03JEVHgwoHMg+QnTr1hrnbpcJAtr3tD89c6bEQ0zzKUg2APtv5iJFuIQoxOFOqLsu5zAoCxuLm8S2fScaU9Aad5VVbTZKr+F9I1sRb6ux67HpEEd/dKIJF+4O8LZCqrk3hlURl6d4vru28St0IO5e8Ws0iRr1AqlDrRak3W2Fuykw74FtTAF0nLa9jqCOyoALiVNrUFDKpJsRe8Wafk5HHTSeasMVNtJCXLgF7Q2SrTe+x/CAnj/AK8ET7aFzzM03MJK0aKS4LGxStJGihp1tqIPyW5g+sKXIHQcjvGrDWKZrDhe+XyrbeA5jaxobXt+ZhXWMdTdYpq5FxhlDBsbgEqBBB01sNu0RuxTofWPEk5jrp2jhOe8SADvN84MZGtoyPZPzJT70ITfuI7BBToR9hGyVs7FY943vL31e19IOyIixOSU2GxMDXjTxQlsD0ZcpLzIbrEwk8sAXLSP4lkem3mYKSENAn97YdLiK+/EXwKdxP8xiDDLxcreSz8kraYSP5SdleV7G/Qx1NpPJmh6DVo7tfWmubCf7+M/aVMxniqYnZx5x90uuuElaj/Ge9+t4g1QnfmWFIVoRteFNaemGZt2XmmXJd9lRQtpxNlIUNwQesRuoP8gEg5r6GK9TbtUgT9NNctFW1PoxxiJaioTdHmUKtdvVMRSUmgEqbX6Q6O1HJzGybpVpEaccKJhWul4zZO7gzD9R1IZ1sH6TepAsk5blBhqU6QDrpDnPO8yWFjtDOtaVjexiSDiZXWv7sgzm4Sq9oSqJyKT7woUbC/wCUJsxBPnBCzOXHmL8OLtMqHcGFbyrH3hDQwUzwvsQYXTGjih5xXZ9WYy0n/wBbH3iiUAUbd4kEgjI0e9oZJBGl4fEK5MopR3Igd5pNAvG4xjnFFU0QD1hzkzdIuYZ0qLj2Y73vDow5kygneOntiV0tm0tHxhXg8oaaiS3MZh94XsuXR/SG+q6JCorHeO7mzTHemTl0J1v5Q6Kf5hJGukRuirzJuVaDpDo9VWpdlQJF4ieDGOi1H+VljxE1WqH7spBsdojLrl13v1jvNTBmCpQOh1hNLsKfdAGsXqPmZnXalr34iiUl+cvaHQqRLNmwse0bNtJlGgo72hpnZ0uEm9gI8eTxJIq6dNz95wqE4pwlN9zGUuVC3hfQDWEjaVPu699Ifae3yx7RYfaIsTOpuDHsJxqYC1ZfyiXYXkctOZSBYrNzEa+XMxOJSBBFpEp8nJtKItlTYesToT1GxNl0nTG3VF/gTStTKZCnqSNNNYFE64XZgk65jE5xlPksKF9zrEBQcz6b947ad1nHYSv8SakNYtK9hHvED4RhqVaG/WGrClcmaBVZWflHCzNSrqHml/yqSQR+IjMQTWaWaave20MzDmRUSr7ZmI6jeG1C48ACfTjCWJZfGeFKZWpXRmdYS8Ek3KSR4knzBuPaOdVazNnIQLQBvgvxz8/Q6xhZ9f7yRd+clsx1LThstIHYLAP/AI4sLOItmBA1jzrtMzbY3HEgNTlznWTY+UQbEssClQIsDpcDaCVU5QhxR7xD8QSWZCiSO8VMMy8GCudl8twLW32GsMdTl1pSFFQCPWJZUWMqyUgpPeI9PoJTlF7DqdveKyIUreZGXUAXCiNITnIjUXI84XvtKvqLXNrQleaUNrkjUxUDCeTO8jPmWcSULGh3F4csTUJviHTGylzk1VgENrP0vD+RXY6CyvK3XRj+lIOyiDC2m1ByVdCk2Hexgym3BwYFdVuHtgoqVEdkHXW3ZZ6VcaUULTMaG46Da8M+XLFhMRYakuJEmFoPJq8u3ZpzRIf7IWfbQ9PSArPYXqMtNzCXZR6X5RUFJUhRykbjQfjtDLGe0QspBwRGa47RkbZLfxH7RkRxOT7lJ5h3cVt1Md0tPHxJcP4QnaP7r3MOEt9A9BF+0RXicluvNIHj1OgBtvHjs2llglarrO5j2c1eR6QyVdRCFancQJccHEZ6RBjce8DHHThZQuIyXJtSPkawlNkT7KRmPYLH8Y/EdDFIOIGDqtgmdVLVFkBBUQ3MIN0OgdR2PkbGL/YnUrOdTt3gDcZmG38N1MONpcAYcUAtIOoSbGBGcuNrTb9O6lfRijOVPg+P0lOH3LE6w1zC/GSDCub0WqG98+KBwOcRhqXJE9ces2QesN5V1ju/9McFdfWLBEN7FuDPN99YIXAzgTXuPONmqFRAlllADs7Pu/4cozexWe5OyU9T21IHZ+oR9H/+mJKMI4aYomUstiYcquRboSM6khpNgTuQLmw8zBdKg5J8RTqX2ISIOvjF+GOhcH8AYHn8LyGRmRccp8/NZbuTBWnOl11Q3OZKx5ZgBoBFOpsWe2+0fXD4xmW3vh1xhzEJXlZQtOYXsoOJsR5x8k5r/FPrF+qUFEfz2l/SbWspdW8GO+F6a5WKpJyLQHNmXUNJJ2BUQLn73gicT+Fr+B6IJ5NQanJZS0t5CgtuAq2sLkHrfUekRrhAArHVDuL/AL87/wChUFP4k1H+ylMFzY1BH/8AU7AldSOhLCNdTrrtJZVVX2bvK9yqLlWl/OJFT8JVmoSCJ+Vpsw/KKJyONouFWNjbvqCIYJfZz1MWQ4f6cNaQRoeSrUf6lRXXWHbBl2p1R0lQsUZyYEGpKcXLuKEu8ENHK4rlkBB7K7H1hBNAusqTcG3URZzg8B+xq8baqqrpJ7+BAiEcfpKXaYp7yGGkPKfUlTiUAKIy7ExbZpAqlgYVp+rG+wUFPHfP8QEMzDrSFISbX6xzU6pRspV46L/x1esc1gZSbawGq5MusdkXAPE7y0stweEad4eJKRblG1OqNhubw81aWZl320tNIbTlBshIA2ENNU/7NbpaJWLsOIx0lS7PUMZ6lUi8opRokQ2tsvz76GJdpyYdXshpBWo+gGsbr1WqJvwQSFYwcuAbNi1/UxdTWGYCZzX6p8FzGqRwNXG05lUSpAdzJuf/AIw4f2aqkujM5TJxoDquXWkfiIuBQkpKkCwtbtEweSBKWsLWhh+SRu5MT09fNOFFQ/1/iVf4AcCKlxXxA64hxMnSpIgTM24m9lHZCU9Vdd9PztZUPhswJhmjpE0zOVOYt9UxMqQPOwby/jeHT4emkM0fEPLQlGasulWUWueW1vHXGE2+7UZtC3nFoQnwpUskDToIZoiaVdiD95RrPxD1D1WrosNajwO5/eUY4+YRksM1pS6WXPkFrKeU4c5aO413tbvf1gQsC746dYPPH7WXnL6+Nv8A9aYAbH+OYQ3qN5IjjTau3VVq9xyfmJ6w6FvpANwIQg+K947VDWZMcIgg4gGpctaxMn/AjGhwLxTolRcc5Um68JSZUTYBpzwkn0Nlf+GPoVNAL63uI+WTps255JMfUCkqK6PTiolRLCLk9fCIts5UQHEQVWXCr2ve294hVbbKysX0tvE9qH+Er0MQasdPWBT2lyyBVdg5jcDrtESqjJWrKSAogka7ROKr9bkRSpjQesQ8QpJEH0KRck2J0JB9OkIlElBN8p2hynNJg203hM8kApsAPaBTDxGx5sqSTHIBSTpa2xMKXOvoITujb1ixJ0nMWyFRXKOoUheUixB10MTll6UxhJGXfCW54tkJXfKFj+VR087EwN5UXcT6xJqMtSXjYkeIbGGlNhziK9VUpG4d4L6lwzrsrUZplMhMZW3VoGVskWBI08oyLMMPOclvxq+kdfKMgrEU5M//2Q==","sdfksd;sdfsd","d","dasdasd","totoy","dasda","2022-01-07","90","Married","Female","Purok 7","Yes","Unidentified","092342342342","loloko@lolo.com","tambay","sdasdasd","1","");

