# ABMS : MySQL database backup
#
# Generated: Sunday 30. January 2022
# Hostname: localhost:3306
# Database: website
# --------------------------------------------------------


#
# Delete any existing table `bis`
#

DROP TABLE IF EXISTS `bis`;


#
# Table structure of table `bis`
#



CREATE TABLE `bis` (
  `ID` varchar(10) NOT NULL,
  `username` varchar(10) NOT NULL,
  `password` varchar(10) NOT NULL,
  PRIMARY KEY (`ID`)
) ENGINE=InnoDB DEFAULT CHARSET=utf8mb4;

INSERT INTO bis VALUES("1","admin","admin");



#
# Delete any existing table `tbl_support`
#

DROP TABLE IF EXISTS `tbl_support`;


#
# Table structure of table `tbl_support`
#



CREATE TABLE `tbl_support` (
  `id` int(11) NOT NULL AUTO_INCREMENT,
  `name` varchar(50) DEFAULT NULL,
  `email` varchar(60) DEFAULT NULL,
  `number` varchar(20) DEFAULT NULL,
  `subject` varchar(100) DEFAULT NULL,
  `message` text DEFAULT NULL,
  `date` timestamp NULL DEFAULT current_timestamp(),
  PRIMARY KEY (`id`)
) ENGINE=InnoDB AUTO_INCREMENT=6 DEFAULT CHARSET=utf8mb4;

INSERT INTO tbl_support VALUES("4","adadsasdasdasdasad","loloko@lolo.com","092342342342","asdasda","asdasdasdasda","2022-01-29 16:55:01");
INSERT INTO tbl_support VALUES("5","Thelma Orencia Agudo","asdasdasdad@gmail.comcom","092342342342","asdasda","tatae","2022-01-29 19:38:16");



#
# Delete any existing table `tbl_users`
#

DROP TABLE IF EXISTS `tbl_users`;


#
# Table structure of table `tbl_users`
#



CREATE TABLE `tbl_users` (
  `id` int(11) NOT NULL AUTO_INCREMENT,
  `username` varchar(50) DEFAULT NULL,
  `password` varchar(100) DEFAULT NULL,
  `user_type` varchar(20) DEFAULT NULL,
  `avatar` text DEFAULT NULL,
  `created_at` timestamp NOT NULL DEFAULT current_timestamp(),
  PRIMARY KEY (`id`)
) ENGINE=InnoDB AUTO_INCREMENT=13 DEFAULT CHARSET=utf8mb4;

INSERT INTO tbl_users VALUES("11","admin","d033e22ae348aeb5660fc2140aec35850c4da997","administrator","29012022041329bn.jpg","2021-05-03 10:33:03");
INSERT INTO tbl_users VALUES("12","arjay","9770e6a801b6c326724dc84aabc54a12c5209df4","staff","","2022-01-29 11:31:18");



#
# Delete any existing table `tblblotter`
#

DROP TABLE IF EXISTS `tblblotter`;


#
# Table structure of table `tblblotter`
#



CREATE TABLE `tblblotter` (
  `id` int(11) NOT NULL AUTO_INCREMENT,
  `complainant` varchar(100) DEFAULT NULL,
  `respondent` varchar(100) DEFAULT NULL,
  `victim` varchar(100) DEFAULT NULL,
  `type` varchar(100) DEFAULT NULL,
  `location` varchar(100) DEFAULT NULL,
  `date` date DEFAULT NULL,
  `time` time DEFAULT NULL,
  `details` varchar(10000) DEFAULT NULL,
  `status` varchar(50) DEFAULT NULL,
  PRIMARY KEY (`id`)
) ENGINE=InnoDB AUTO_INCREMENT=28 DEFAULT CHARSET=latin1;

INSERT INTO tblblotter VALUES("27","totoy","natoy","utoy","Amicable","dito","2022-01-29","09:38:00","nambugbug","Scheduled");



#
# Delete any existing table `tblbrgy_info`
#

DROP TABLE IF EXISTS `tblbrgy_info`;


#
# Table structure of table `tblbrgy_info`
#



CREATE TABLE `tblbrgy_info` (
  `id` int(11) NOT NULL AUTO_INCREMENT,
  `province` varchar(100) DEFAULT NULL,
  `town` varchar(100) DEFAULT NULL,
  `brgy_name` varchar(50) DEFAULT NULL,
  `number` varchar(50) DEFAULT NULL,
  `text` text DEFAULT NULL,
  `image` varchar(200) DEFAULT NULL,
  `city_logo` varchar(100) DEFAULT NULL,
  `brgy_logo` varchar(100) DEFAULT NULL,
  PRIMARY KEY (`id`)
) ENGINE=InnoDB AUTO_INCREMENT=2 DEFAULT CHARSET=utf8mb4;

INSERT INTO tblbrgy_info VALUES("1","Nueva Ecija","Cabanatuan City","Barangay Campo Tinio","0919-1234567","may ayuda","29012022095143271678071_677703893241216_4447484875401940837_n.png","29012022042347272211151_686347589026781_1649041725538917193_n.png","29012022042347bn.jpg");



#
# Delete any existing table `tblchairmanship`
#

DROP TABLE IF EXISTS `tblchairmanship`;


#
# Table structure of table `tblchairmanship`
#



CREATE TABLE `tblchairmanship` (
  `id` int(11) NOT NULL AUTO_INCREMENT,
  `title` varchar(100) DEFAULT NULL,
  PRIMARY KEY (`id`)
) ENGINE=InnoDB AUTO_INCREMENT=12 DEFAULT CHARSET=utf8mb4;

INSERT INTO tblchairmanship VALUES("2","Presiding Officer");
INSERT INTO tblchairmanship VALUES("3","Committee on Appropriation");
INSERT INTO tblchairmanship VALUES("4","Committee on Peace & Order");
INSERT INTO tblchairmanship VALUES("5","Committee on Health");
INSERT INTO tblchairmanship VALUES("6","Committee on Education");
INSERT INTO tblchairmanship VALUES("7","Committee on Rules");
INSERT INTO tblchairmanship VALUES("8","Committee on Infra");
INSERT INTO tblchairmanship VALUES("9","Committee on Solid Waste");
INSERT INTO tblchairmanship VALUES("10","Committee on Sports");
INSERT INTO tblchairmanship VALUES("11","No Chairmanship");



#
# Delete any existing table `tblofficials`
#

DROP TABLE IF EXISTS `tblofficials`;


#
# Table structure of table `tblofficials`
#



CREATE TABLE `tblofficials` (
  `id` int(11) NOT NULL AUTO_INCREMENT,
  `name` varchar(50) DEFAULT NULL,
  `chairmanship` varchar(50) DEFAULT NULL,
  `position` varchar(50) DEFAULT NULL,
  `termstart` date DEFAULT NULL,
  `termend` date DEFAULT NULL,
  `status` varchar(20) DEFAULT NULL,
  PRIMARY KEY (`id`)
) ENGINE=InnoDB AUTO_INCREMENT=14 DEFAULT CHARSET=utf8mb4;

INSERT INTO tblofficials VALUES("1","Anita Sakay Pascual","2","4","2021-04-29","2021-05-01","Active");
INSERT INTO tblofficials VALUES("4","Ricardo Santiago Escalicas","3","7","2021-04-03","2021-04-24","Active");
INSERT INTO tblofficials VALUES("5","Marcelo Ramos Pacun","4","8","2021-04-03","2021-04-03","Active");
INSERT INTO tblofficials VALUES("6","Estrella Pascual Lucido","5","9","2021-04-03","2021-04-03","Active");
INSERT INTO tblofficials VALUES("7","Rodolfo San Pedro Baldava","6","10","2021-04-03","2021-04-03","Active");
INSERT INTO tblofficials VALUES("8","Isidro Antonio Gayla","7","11","2021-04-03","2021-04-03","Active");
INSERT INTO tblofficials VALUES("9","Joselito Castro Sangel","8","12","2021-04-03","2021-04-03","Active");
INSERT INTO tblofficials VALUES("10","Thelma Orencia Agudo","9","13","2021-04-03","2021-04-03","Active");
INSERT INTO tblofficials VALUES("11","Thelma Orencia Agudo","10","14","2021-04-03","2021-04-03","Active");
INSERT INTO tblofficials VALUES("12","Rosalinda Remiendo Asuncion","11","15","2021-04-03","2021-04-03","Active");



#
# Delete any existing table `tblpayments`
#

DROP TABLE IF EXISTS `tblpayments`;


#
# Table structure of table `tblpayments`
#



CREATE TABLE `tblpayments` (
  `id` int(11) NOT NULL AUTO_INCREMENT,
  `details` varchar(100) DEFAULT NULL,
  `amounts` decimal(10,2) DEFAULT NULL,
  `date` date DEFAULT NULL,
  `user` varchar(50) DEFAULT NULL,
  `name` varchar(50) DEFAULT NULL,
  PRIMARY KEY (`id`)
) ENGINE=InnoDB AUTO_INCREMENT=19 DEFAULT CHARSET=utf8mb4;

INSERT INTO tblpayments VALUES("14","Business Permit Payment","22.00","2022-01-29","admin"," Mafia cut hair");
INSERT INTO tblpayments VALUES("15","Barangay Clearance Payment","30.00","2022-01-29","admin"," Sdfksd;sdfsd D Dasdasd");
INSERT INTO tblpayments VALUES("16","Barangay Clearance Payment","40.00","2022-01-29","admin"," Sdfksd;sdfsd D Dasdasd");
INSERT INTO tblpayments VALUES("17","Barangay Clearance Payment","50.00","2022-01-29","admin"," Arjay L. Delos Pobres");
INSERT INTO tblpayments VALUES("18","Certificate of Indigency Payment","30.00","2022-01-29","admin"," Arjay L. Delos Pobres");



#
# Delete any existing table `tblpermit`
#

DROP TABLE IF EXISTS `tblpermit`;


#
# Table structure of table `tblpermit`
#



CREATE TABLE `tblpermit` (
  `id` int(11) NOT NULL AUTO_INCREMENT,
  `name` varchar(80) DEFAULT NULL,
  `owner1` varchar(200) DEFAULT NULL,
  `owner2` varchar(80) DEFAULT NULL,
  `nature` varchar(220) DEFAULT NULL,
  `applied` date DEFAULT NULL,
  PRIMARY KEY (`id`)
) ENGINE=InnoDB AUTO_INCREMENT=7 DEFAULT CHARSET=utf8mb4;

INSERT INTO tblpermit VALUES("6","mafia cut hair","arjay","christian","barber shop","2022-01-29");



#
# Delete any existing table `tblposition`
#

DROP TABLE IF EXISTS `tblposition`;


#
# Table structure of table `tblposition`
#



CREATE TABLE `tblposition` (
  `id` int(11) NOT NULL AUTO_INCREMENT,
  `position` varchar(50) DEFAULT NULL,
  `order` int(11) DEFAULT NULL,
  PRIMARY KEY (`id`)
) ENGINE=InnoDB AUTO_INCREMENT=17 DEFAULT CHARSET=utf8mb4;

INSERT INTO tblposition VALUES("4","Captain","1");
INSERT INTO tblposition VALUES("7","Councilor 1","2");
INSERT INTO tblposition VALUES("8","Councilor 2","3");
INSERT INTO tblposition VALUES("9","Councilor 3","4");
INSERT INTO tblposition VALUES("10","Councilor 4","5");
INSERT INTO tblposition VALUES("11","Councilor 5","6");
INSERT INTO tblposition VALUES("12","Councilor 6","7");
INSERT INTO tblposition VALUES("13","Councilor 7","8");
INSERT INTO tblposition VALUES("14","SK Chairman","9");
INSERT INTO tblposition VALUES("15","Secretary","10");
INSERT INTO tblposition VALUES("16","Treasurer","11");



#
# Delete any existing table `tblprecinct`
#

DROP TABLE IF EXISTS `tblprecinct`;


#
# Table structure of table `tblprecinct`
#



CREATE TABLE `tblprecinct` (
  `id` int(11) NOT NULL AUTO_INCREMENT,
  `precinct` varchar(100) DEFAULT NULL,
  `details` text DEFAULT NULL,
  PRIMARY KEY (`id`)
) ENGINE=InnoDB DEFAULT CHARSET=utf8mb4;




#
# Delete any existing table `tblpurok`
#

DROP TABLE IF EXISTS `tblpurok`;


#
# Table structure of table `tblpurok`
#



CREATE TABLE `tblpurok` (
  `id` int(11) NOT NULL AUTO_INCREMENT,
  `name` varchar(255) DEFAULT NULL,
  `details` text DEFAULT NULL,
  PRIMARY KEY (`id`)
) ENGINE=InnoDB AUTO_INCREMENT=13 DEFAULT CHARSET=utf8mb4;

INSERT INTO tblpurok VALUES("1","Purok 1","Tikang Kanda Babon ngadto liwat kanda Babon");
INSERT INTO tblpurok VALUES("2","Purok 2","Amon ngadto ira");
INSERT INTO tblpurok VALUES("3","Purok 3","afawewqeqweqweqw");
INSERT INTO tblpurok VALUES("4","Purok 4","dsfdsf");
INSERT INTO tblpurok VALUES("5","Purok 5","rewrew");
INSERT INTO tblpurok VALUES("6","Purok 6","rewrewr");
INSERT INTO tblpurok VALUES("7","Purok 7","rew");
INSERT INTO tblpurok VALUES("8","Purok 7","rew");



#
# Delete any existing table `tblresident`
#

DROP TABLE IF EXISTS `tblresident`;


#
# Table structure of table `tblresident`
#



CREATE TABLE `tblresident` (
  `id` int(11) NOT NULL AUTO_INCREMENT,
  `national_id` varchar(100) DEFAULT NULL,
  `citizenship` varchar(50) DEFAULT NULL,
  `picture` text CHARACTER SET utf8mb4 DEFAULT NULL,
  `firstname` varchar(50) CHARACTER SET utf8mb4 DEFAULT NULL,
  `middlename` varchar(50) CHARACTER SET utf8mb4 DEFAULT NULL,
  `lastname` varchar(50) CHARACTER SET utf8mb4 DEFAULT NULL,
  `alias` varchar(20) CHARACTER SET utf8mb4 DEFAULT NULL,
  `birthplace` varchar(80) CHARACTER SET utf8mb4 DEFAULT NULL,
  `birthdate` date DEFAULT NULL,
  `age` int(11) DEFAULT NULL,
  `civilstatus` varchar(20) CHARACTER SET utf8mb4 DEFAULT NULL,
  `gender` varchar(20) CHARACTER SET utf8mb4 DEFAULT NULL,
  `purok` varchar(50) CHARACTER SET utf8mb4 DEFAULT NULL,
  `voterstatus` varchar(20) CHARACTER SET utf8mb4 DEFAULT NULL,
  `identified_as` varchar(30) CHARACTER SET utf8mb4 DEFAULT NULL,
  `phone` varchar(50) CHARACTER SET utf8mb4 DEFAULT NULL,
  `email` varchar(50) CHARACTER SET utf8mb4 DEFAULT NULL,
  `occupation` varchar(100) DEFAULT NULL,
  `address` text CHARACTER SET utf8mb4 DEFAULT NULL,
  `resident_type` int(11) DEFAULT 1,
  `remarks` text DEFAULT NULL,
  PRIMARY KEY (`id`)
) ENGINE=MyISAM AUTO_INCREMENT=183 DEFAULT CHARSET=latin1;

INSERT INTO tblresident VALUES("182","092827323","filipino","data:image/jpeg;base64,/9j/4AAQSkZJRgABAQAAAQABAAD/4gIoSUNDX1BST0ZJTEUAAQEAAAIYAAAAAAQwAABtbnRyUkdCIFhZWiAAAAAAAAAAAAAAAABhY3NwAAAAAAAAAAAAAAAAAAAAAAAAAAAAAAAAAAAAAQAA9tYAAQAAAADTLQAAAAAAAAAAAAAAAAAAAAAAAAAAAAAAAAAAAAAAAAAAAAAAAAAAAAAAAAAAAAAAAAAAAAlkZXNjAAAA8AAAAHRyWFlaAAABZAAAABRnWFlaAAABeAAAABRiWFlaAAABjAAAABRyVFJDAAABoAAAAChnVFJDAAABoAAAAChiVFJDAAABoAAAACh3dHB0AAAByAAAABRjcHJ0AAAB3AAAADxtbHVjAAAAAAAAAAEAAAAMZW5VUwAAAFgAAAAcAHMAUgBHAEIAAAAAAAAAAAAAAAAAAAAAAAAAAAAAAAAAAAAAAAAAAAAAAAAAAAAAAAAAAAAAAAAAAAAAAAAAAAAAAAAAAAAAAAAAAAAAAAAAAAAAAAAAAFhZWiAAAAAAAABvogAAOPUAAAOQWFlaIAAAAAAAAGKZAAC3hQAAGNpYWVogAAAAAAAAJKAAAA+EAAC2z3BhcmEAAAAAAAQAAAACZmYAAPKnAAANWQAAE9AAAApbAAAAAAAAAABYWVogAAAAAAAA9tYAAQAAAADTLW1sdWMAAAAAAAAAAQAAAAxlblVTAAAAIAAAABwARwBvAG8AZwBsAGUAIABJAG4AYwAuACAAMgAwADEANv/bAEMAAwICAwICAwMDAwQDAwQFCAUFBAQFCgcHBggMCgwMCwoLCw0OEhANDhEOCwsQFhARExQVFRUMDxcYFhQYEhQVFP/bAEMBAwQEBQQFCQUFCRQNCw0UFBQUFBQUFBQUFBQUFBQUFBQUFBQUFBQUFBQUFBQUFBQUFBQUFBQUFBQUFBQUFBQUFP/AABEIAPoBcgMBIgACEQEDEQH/xAAdAAABBAMBAQAAAAAAAAAAAAADAgQFBgABBwgJ/8QARxAAAQQBAgQFAgQCBQkHBQEAAQACAxEEBSEGEjFBBxMiUWFxgQgUMpEjoRVCUrHBMzRicoKS0eHwCRYlk7LC8SRDU2Nlov/EABsBAAEFAQEAAAAAAAAAAAAAAAIAAQMEBQYH/8QALhEAAgICAgEEAgEDAwUAAAAAAAECEQMhBBIxBRMiQTJRIxQzYQYVQlJxgZGh/9oADAMBAAIRAxEAPwD0IDysNdSixkctXSE+zWyUCORanjQMqWxwJfLbRFgIYpxP9n6LGAv69EsDcgUpG7VMSdCmW1hAHVY1ocaqlhBFDmCy+1p6oG3Yth5T/wAEq6O25SGtJIvsi0epQqkwXsGGjm5kchtUBaH1NJbSG7I2/si8CXgXRCTuNj3RHHmISeQ0Ddj2Uctj2JYytr6rOSid0Sq3Wjt7D3TeFQOjTgKH/BYGDlrssHVZzAn4TCNEXt2SuYtG3Va6b9Vouv4Tjp0JNvPykmSjVIgAQXs5H2U1A+DDTj8hbduPZYaJoFb/AEHcptiAudyd0gTgWBYP0WZmVBhxukleGNAvdc/4k8XNN0iZ0EJdJN2PISP+vuFJCLb0NKSjtlk4lx49Rw5GStNEWD3BC88+PXiHJF4eZ+jmRwmcWR+YRsQHgnf3oEK463486RGxkc+azFPNu2Wv8CSuO/iJ4g03iXhB0+A6F72vY4uheDY3/bqFYUJRdtAxlHJ4Z5ebqDYMl5bRb9UnN4ieYyxrqb7BQEs5bO4gptLPzXvSyp15RbjolI84uLfVun0eVByEFm/varkU9OLj26JZyuZ3VDCbhpBE/h5MUD3Fou+yBqz3Sjn5tz2CiRkkXvS3+dc4coNo+yHsI3IkawNo0FO8PcZZ+jZTJcTKkxnt6GJ3Kf3UI2eMRFhNuPcIbcMv3DqCeM3B2gWlLTPYvgv+JoQsgwdUyZZJL9Usx5r+O5XqfRuMNO1eCOTHyY5PMaCOVwPVfJqCebDNskIruCrdwb4ta7wnqEM+NqOTHG1w5o2zOaCPsVpe7jzJJ6f/AMKSxSxP4+D6nh5lbfZAkHKb6rlngd4w4fiFobS3Ka/IYB5kTpOZ7CfcHevYrqvNzA0KUEouLpksZX4AOdzW6qTYAC/Yp46P5QHj1KKeyW2gYbyknqU4hdbapDaA5poIsLOVRDo87fjuBd4XaFTSQNVBLuw/gyrwe3GLgeV1m75QvfH45ozL4TaQLArWGX8/wZl4h07CZGbIs9d1Xn9ouLeNAMTRsjIjoENB6cyex8NyCJxL28yl4iGkAU0fCKJOUge6r+EAyIbp07WgUNvlYpuh/bCxNYOz6qhwvcrRAfvVlaceY0BW3ZbY4xDfdbYIsF1gdPlFqxd7pEb/ADBsPqlgbJWBRjgKWQkOdvtshyOsEAklagc7mIIoBKwLHrW7WNglknk+EAHbY/ZGaabSSv7BEg7pXLYtJHVEugUgWY1nOLWt7ItZ53LQCQXkEuCTExZ2pJPdDMrnGitgkKNsEw2emyU1rgbBBb1WmuaOqKxnsUyf+BxDRRJ3WPaCb7pbm7bGqWFqVjUI6NPdaeA9vylHbusaN/dJsfwBZFXXdLMNiqSxXU7IgAAvqmsa0cx8VNfGi6RPK9/JExpv/l7rxJr/AIqOz9QmIuJnOTXOST9T3Xpn8X2W/TeD25TSWhxdFXyR1/wH1Xz8zdSdkzlt8otXoNRh2+yFp5HX0W7ibU59YBmjLSBvV91R8vVMhgLRIQOhAKey5fLicrDe25tV2dxLjv1Uebkua6olx4lDwDfKXOJKA95ugNkWLGkldW+6mcLhbNzR/Bx3y+5Ywur9lmSZcjFvwV8l3KNltge3fdW+PgnULDThSuPXZh2U1h+GOdmY/mNxXNHXcVaj7ImWGb+jnDnO+ywSFh2C6M/w8fjOImaWVvTv7lCatwm6Bx8uPb+aFzivsN4JpXRVROSaulIwwh0HNzHm+uyQ/R5GPI5SCPcJLw+AFptEpJkLi15EuJZdm0F8rmkey06W9un1Wi4EUUXYGi++FXiFl8B8TYWowve4RO9UTX8vO07EfsvpZ4ecbYHHPDOJqmBkNnilbRo+prh1a4diCvkzDMYZA7svX34LfErFi1PK4bzcoQuyOWXDa53pc8A87B8kcpr4K08c/dxdX5XgqTj0l2PZcjSQSgAUU7ey2gt3v2QfL+yrt2SICBZ2TiFrnuAFJHl9d90bHd5Lg4oGPs86/jmmON4c6EyTZjtWaPv5E3/NeMIKkDaF17L2H+PoHI8OOHnNcLGst297gm/4LxXpWYcd/JKTyqlL8mW1+CJ1gDAD1PskySPjbYFly0+fnAMRBB7rckUnlmyLKjYFjf8Aif8A5B+6xa/JH+3/ACWILQx9bA6vhDc7zTV7/CHzXtaWwG7qh7rcBYeGMBoH9Y/KN+kVdoTXcvL3KI63b3RQAN0DY489DolsIc6x1WgzrvusjPK82lb+gdMN2Smg90kWehpEDtk9gs20UT3tbve+q1zD3SxXImsEC4gkrd/t7pDwbquq00EP7kJWMb5LcCOiW129Utj1G0rlo2BSYQhzeYgV3RSOUijshPfyjcpUUnmEhA2INzVsQPskAkHqlO3A36LCARtf3TgtiXW7/its2229lobHcrQBs+yBsazXRyM1u3sEg7HruttdSaxHl38eM5x+BNKa1/pflm2H2DDv+5A+6+e8kxfOa2C+lv4v+CZuNfD97sSJ02TgB0zI2Cy8GraB72B+y+ZmSwxSuHTdTSl8ESY09h4srlfyknlCdY2ntzZPQ0myoyJhedl0HgbSWSsJc0vcdmgdbVSU+q2XMWN5JdUOOFeAJdZnhaxtlzq2C9S+HvhVh48Mcc0ILNgGgVZ+VD+GHBLdPxhlStLZT0aQuwaRIMNzXVv7FZ88qk6Z0eLjLHH4+SUxvBvDbp4OM6GCQHmb/Ds/3hcu4w4DzMTUZQ4seR0MINH6+y7HDxM6BrgXWSNjfRRGoZzcwOLhbvdDLq1pgRjNPZ5n4h4LzopBM+MOYOoVT1Dhxzdyyyd69l6W1nSm5EJBo+wVB1nhtjgbYA4ew6rPnJp+TRxxTVM8/wCo6Ewvc2hzdbVP1zQwCC3cdyu86tw00v5hHy9um6pWu8JkMlk5SK6AqTFyKewM3EjNaOH52K+F9EdOhTfmICtGtYfJM5p2LVXZoCwk1staMrRy+TG4NoQDdKZ4a1vJ0LV8bLxZDHkQvD43NNEEdKUBzEO6pziTETt27q1hm4yTKs43Fo+u3BPEDeKOE9J1dlcmbix5A+OZoNfzUw4ey5R+FjXRr/g5or7N48f5Uj2Mfo/nyg/ddb5QQfdXMiqboq43cUBLdjaQ5xJAHVEIWOxm5UmOTYMJJbRrc+/7KtOVKydHm38dTSzwt0V8g6azHR9v4Ey8QMdz+l3fuveX/aAaS+DwR0nIMg21iE1W5/gziv52vn3pecJDySu+hKpdk26LP/BEvi5EuLNyuPMy9lZGzsfCHveOWtlWQJGt2IIS58sY+PcrwANw0HqhaAJr8/EPb9lip5142aZt9Vii6iPsaPoSixu5xV0tNfVDpa2A0Xut0GzDJ6qr7ozXGggMAcdjSMKuqtNZG9hWjv2W29Tf2WhTm12WREbhMBVC7Lfqls5uVJ2PZKBIArohsZow2diss1XslcthKbXNVpgBDQSf+K2AQikBvysYBymgE44nlLSPn3SSd66ojRv8JfI3r/co7sQHkurFpQYGeodUttApWxND7phAo2uFuO4K38pwAA2roobuiTGsCI3OvdLDSOqWw1sT16BK5eqYQLlPXosoE/4rclNPS/otH0hIf/sRutYUWRiyNewPsdCvk3446Rj6P4ncTYmGwR4sWoTNjaOw5jt9twvrdkygg0Nwvl9+IrQXQeMPE8Pl8pOc9wAG1O9QP7OCJK0ySF3RxzBaXzNY0E71svUHgnwe2DAhy54h5zv0hw3CgvCLwVhnMepapCHiw6OI9PqQvRWDpsUMcbY42sYwUABQAWbnn9HQ8PB1+ch3iRiFrQG0FKMhdNXJd/CYxCzXMLVh0YwQG5nAhZj8m3VKweJos8m7yXjrVJeTpjonEEFm32V1w9d03Hj/AIdF1eyhtV1mGdrg0CyO6PqkvJD2k34KNqMDlBahitdGeZov3Voy5RI59gKCyIy552PKqU0m7LMVZTdS09pBPKL7lUXiLGbHFI3ms9rXVszFLg6wCub8W4D2Pc7pXYBU3JpluEd0zg3FWnlk8rjs6/bsqdmw23pRXW+IdP8AzwedgQOxXNdRZ5Mro5W0Ra3uNl7xRzvOw9ZuX0yqPFPIWRu5ZG+9p+3A/MyyOBprd6Uz4e8B53iFxjp+habE6WbJkDS4bCNn9Z5PYAWf/lakFtGDPVnvr8FkM8PgxiyTR8jJ8qd8R/tM5qv9w5d7sE/KiuE+GcLhLh/A0nAibDh4kLYoowSQ1oFAKWLgCLNEq1OXaVlJIS9rSLHUrcY5aPQrK9RS2Noi1C9+SVUcH/7QRxf4C6U0bk6vCL+kUq+abC5k1hfSH8fbgPBPTupP9LxAH2/gzL5yR8vMbpRKK2Wl/bRIx6yRFyker3TDInfkPLnG0gi30Oi25ldOqbqRg6WJXK72KxLqI+0Tm0DvZRaa9gGwKbB3MbNgJxEeZu260LI6NxDkJH80RpvqLQw6mk7WlMdzAUEwwvmrp+yXEev9yxtCz+6xhG5OwTAthFu/2WNN99itEX9EzAkKElJdkix1Qgy0oda7JrACguO9WFjXGyFpx5ei20VZIJtDY4oPPNRpLLy0ADdDDQ5433RQLKaxzG9UoAV7H4WNG4SiGhMMxJ3NArO1JRoBa5Qav9kwNA5HhhFozSC0EfzQpmcwsCytxOJYQRRHZD2oc1KadYKBJOf2Tg2avZV7jLUXaRw5qOUz0yRQuLXezqofzpJSVWwknJqKBz8S4D5pYI8qN8jDT+R18p+fZeQvGThFmq+KebM5jamyGkOq7BYxTml6/l43EDnxSvDR+r2cD7qUzo2apxJDmbO6O+hApV8fLjNuJ0k/S5cap3YrBxmaZjRxNHK1gAuqUFr/AB4/T3GLHYC0dSrNq9ux3crdyFz3VIsZjyZqHcrJz5estmnhx3EiZPErWHud+WxJMh5NBrHUB/JMNR8VuNOH4xNkaVJJAep5HGvqR0+61Dxxh42TJDp+NJnTR2XNgjL3UOp27JA8cdNn0mWafByhiNkELshsBdEHkWGlw2BIBNfCpzzqtKwpxlDb0S3DX4m2ZMzIc/T3Y5O1xuv+8LtXDfF+lcU4zZIMhwvs8UQuAYP9DcS8skcEVO3pzBdFXLh3Gg0h9YtsB7Xssjk8v24N4/P+S1DFPSZ2ubRWOBLJ2OaQq/lx+QHAkbHqoCPWZo4zUrg3r1UDrXEp/LSQmQnm7rLh6rOb6uJZjgkvsnsvWsGPnDsmO29aKo2u6/puVzt8+GvcvCoPEOlajqrXGDILLcSTZUEzwtzssg5GoNYCOrQSVr47y7cqFOftPSsecR5uHjvkMMrX+4aQVRdZxodTcHNADuxHVSGt+HObpNuiyjOLv2tQun4+Vi6hG2YHk5qO2y3+NjSS6szM2ftHrOOi8eHn4fNf4+0qSXTMR7DNLyNyckFkDWD9R5q3N7bX0XsXwA/D3pXg7pMjg/8APa1k1+Zz3M5OZvUMYLPK0fWydz2AnPA7WtD1jgjT8TRGujZp8McU0b20Q8i3O6m7dzG7910p0QAFBb3yj8aOPyzU26EFrWgAIUkYc4GuiLdCqSe9lOV0aHqo9AiwMc51DcoZ+E8094EvUDZNY92efPx54IZ4FQuebI1SEj/ckH+K+a1UV9Mvx8x+b4DiS92alARX+0N/3XzNcbddJQq2Wou4IUGnbbqlhvqAWBwFH2S65m2CiExfK33WJPIfdYkMfZKQucQB+kpdP5CGkgpQIBO1pTHWK6Aqw3sA1AXch5t0ZpoJOzRslg0OiQwQGgaNj2QfIyHgFs5jb7UD/ejRN3JPQo1bbFDZGwETZ2/rm5/9kBOG2RRNn3WN9W1JZpqVgswNBFHqsILdgsAJN9ketgmYINtAV3SwL2WnbkdkoHlF0T9EI4pkZb2S2DrssZbha241ugsY00EEbpZaCkXaW1wrdK0MY1tmloNNm0tjgLNLQfbihbEJdsNgShiubc0fZHIptpu5vM4u6fCichCcuQhvo6+yh+KtIfrvDWo4DSA/IgcxpPZ1en+dKaA5noszQ5lVWyFO9Bxl1kmeOp8MaPhPDgDI5xPMev0Q+CTnZjnZGUwMic4+UR3ANf3gq5+IPC4ZreXpr2OgY+S4ZwPSAdx9t6+xUHouPNpj34c3KfIJa1zejhfUfVc7GM48l/qj0WeVZuMne2T8WA3IPrF+yrvEHh5DqbzJVO/s9irbpMzXP5XNCskeNFKASKCWZxm+sitjbitHnY+HX9C6kcjTnOwMg21xAtrh8hc7zPw1tyM2WVmrNY17i4Qsx7APsN9gvYmp8NQ5MRka25B026qqZAOmcwfA0HsaWNyMmbA+2Nkkoxy/mrORQ8B6nFm4WZO/Fix4C1skcTOQlg6gABSMcsEee8ROqC6basGvZGTqh8u/LaTW3RK4a4EdlZEbpD/CDtwO6yO0+ZOomjiTUVYDVdQw8XR6sCartc8OUdTyJaPpaC7lvZdr8ZODsODCY7ExmYtwgt5G8tkLz7p8eTiZpPcGi1HHhPBNqZchThaFcZZf9FcJO1XS9Tjky2Obz4r4C0hp2PXrRr7LmmN4g65rWrSQ4ucX4UYsSzY7IjVdw0mt77legjmYOVpvk5ODBI5w5S2SMOBH0KqsvA+jSPe6LTYYubr5beUfyWpx+RgjcJR2YmfHnnK4ukULQeK8nU5HwZVvN1vvalptIGRlMBZQJGxT/L4Uh0uXzMeIRgb7KR4P0XK4y4nwdNxDyzSyhnMR+kd3H4As/ZbODIpSSx/YE9Quf0enfwyaGNK4LzJOQsE2WS0kfqaGNG3xfN/NdefJ2UZw5ocHDmj4mBitqDHjEbfc11J+SbJ+SVJONrq1NyWzh8slKba8CS60nmo0UoGkmw8HuomyGrMA+6LjmpAeqBfLZvf2SmOsgjYoGxHEfx3+nwClP/8AQx9vuV8zm1zbr6Y/jseyX8PpHV4z8cH93L5pPiLKNGj8I8e3Ki3HUEzTjQS4n+ghBfbduyVEfS61MCKMrr7LEE9ViehH2hbuN0DndzkNJ2W/O9B3soQe9jyL691NaojtoewuIAtH5aJ6UUKNtNG+/ulhleoFCJuwjbBN7hLjNNGyGDQRQQK7pgGEG5S2uB25bKEXgJQebBSI2EIJdY2Sz+ndDYbO97ogPZMMbY1ru6Jt2SWiilVv1QNj+BQ2HX7LL377+6wDdLr4UTY1GroLbfULWw2+q2AQeiGxxTRtvulMFHpSwN3BCUARudyE1gmq9SQYKJIOy3L6RfRFx6kYd+ijbsdDZ0PI/qt3bfdHlbzAj2QWMIslDSEzn3ijpDJcaDM5BysJZI4Deuo/x/dcZ1CSNmofwX+Y3be16hmjEjCD0XIPGPRcbBjwMrHhjgt72P8ALYG8xO9mvoVTzRd9kbnC5fWKwyKbpsxbK011VtxXczGm9lQ8SenA/wA1PY+p/wAMAO3Ha1gZp1O2zpMXyRb43ue2mAlMc3SRkuuRgI+UvTNZhxoHPc4E10KZ5vFTMnmDKYR0WVl5+KL6yZfjjaekV7UtFxos0AtA/wBFTuiYrI3tFAb7AKC0vU8J2pSSZrg9wO7XHZP9V4pwYnNdB5bG9g09Fo8Z4ox7Wkyf25PRaPE6DF1jQ8Gg0SxReW4Dv8ryxq+CdL16SNza5z6V2jWvEfRo9OcJ8nlePnYLj+r8RaZxNmn8tkNkcw3Y2Q5+Ri5D+PlE+PHkgqrQ/GnGVjHH27I8eEIRXUn3CmuF8zG1HDbG/kL2Hlu+qkdR0yKN7ntG3usKvlpicl4aKHquKyWJzSOU9eisf4edCJ8S48kN2ghlkJrYenl/96Y6njtbGaXUfw86C6CHUdUe0APIx4yRvt6nfb9P7FdJ6R2lk39HP+qyjjwNr7O1NOx23WGkNrw2/VdrdrsLSOE8+DOt1sktPL2691t7jv32SWn0oGwkKLQa90n9Lr9/5LZNdUM10Qtjo5d+JiCPUPDgY8hDmHKjJa4WLpy8hs4WxJWuZ+UhI9i0L1/4/sMnBDIxQLspm/t6XleZo9M5JDcrnEqbBkS7JlpJqKKiOC8J8ga/DhLe1MC3/wBwdPe882DDyg9OQC/qrtHpTnN/W4jsPZLdgGBleY5xPUbEKz2TF5KQeAtKBP8A4Zjf+WFiu40x5H6z+wWJrQ57TcOToRXssZZN3VLcnI8WbFLXXlvYIm6IetkjE70jdEaeUb7ptCTtf6U5aObdpTgtAsqV0cXNG0vI/qg1adxtBAFgnrYQZBQ27I0Z2Hx7JnYLiglfdKBBB90kG+nVbIv4TgUE5CEtt9epQ23XVEF2hYqMBcD1RWGwhuH1tEbYbsomwQnVZy3v3WhZpEa3rfdAPRoWBv0Rm9Elrdltu/XYKN6BoIHABLoEJs5pMjQ123cEdU7YwFqGxAZY/MFBKYDAwmhv1RQGjfukSHbYWhtCBNcXk+y31dSUCCBX8llbqNsdAXt5foqB4vYAyOFJJqPNBIx/TsTyn/1LoTiDtYKiOIcFmpaTmYj9xPG6PcdLFWme00Swl1kmeX2u5b3ohEhyHNs8+yYyF8M74pByvY4tLfYhDklLWkDcrjee+to73iPSZLDU5s2aPDgI82ZwY0E7LoWkeFmLjQtmzdTkc87ucOVgP23VE8OOEp+IdYdlOlbBDjkbjdziboD9uq7rBoOJjMDsiXndXV7lS9M4GLq+Rmjbfiy3nzOL6xZRMrwu4Pz53SOw5c2WTZx86SnfYOA/kmbPAbg1kpdFw1isc7q+Syf3u10p+saVh2xskbnD+q3cpoNZm1CSsXEcGf25PSF0KliWkv8A0VPdy/bZSsb8PXBDMhs8ujxZDwb5ZpJHM/3C6j+yNxl4XcLZGjugxdA0/FexvpfjYzI3XXblAV6h0ybIaTLKWD2aqlxhm5PDoLg7zYHbW7sVFkUYwdKiSOXI2vkzyfjTu4P12fCmld6JHNBdfY0rxDxO3JhDXvDgQg+IXD2PxTJLk4zfKywOZp+eq5lhazNgTOx8ouZIzanBc3yOP3l7kHs2Mc45FUvJ0TIl/pDLZjwDzJZHBrWN6knoF6e4Q0NnDvD2Jggi42esju47uP7krzj4HaWdb4obqkzLxsP1Av7yf1f23P2C9LnNaxg329gu09Fw+zg7z8s4P1rP3yrHHwh84gVXRbDx36JrFP5oFdEUi++/wtttfRzyQQEXtYWB9koXbcrbWue6m9VGw0hTzuhvs0SaCU4Fo36pbITIw/zQNh0cx8dZmjhXGYDROU37+h688Ec8ttbS9A+PHMzhnF5Whx/NDr/qPXAzFykOsNHshx/ky2l8EFify7EJbojKeVo9KG3c8w3S2SvbXx7K2gaMMMoNUsROd53pYn2PZ7BbQNkIZBc8E7gdkoP339kRoqu6tMiC+YSxoHVLBLOhooYPr+AiMcHtodflN4I2wriaFm+ZHYQwC/3TRzi4bmqR2GwO6XYAOxw7IgOyA0tvbZKt3/wh7DMcABEuhSAN67rZtxAvom7jBXHsERjq6d0MCx1RIRRN7qNsYIAWbk7JbXhw2IQS4kUtsa1u42tBYkH5qKW1wcPhDaLSmENNe6ibHCRCnjb7oz/0+yQyhSVLJyN3SsGkCD6cAdgUUNAHumfM6RxPMnkIJaAQo+wqMNNBNfshGQEGtk4Io7JL2iiKQiVDRzSwE3um2VTovlOntI+iaZpAjdddEKYR5S8QA3SuMtViZYZ57pBfu71H+ZKpudxbHgkiQj3+Ve+L8WHWuP3md3l478wse4/2Q+v5gfzXYMTF0/TMNkONjwxRtaBUbAAub5nG93I7dHc8BNwRxPwk8RJM3Lmg0xjsmQkEsb/eV24cP52vgPzsp0UZq4oDt9yVBTzYOjagM3yGte/0Oka0c1fJVsx+KcWPED2O9Fbu9lRceNgj0yyv9IvZVLtcVQ80/h3B0wARwMa7+1Vu/c7lOJc7DxCeaRrXfVVx+tajq0hZhVBGdvOeLP1ATrTOFYXfxsuR2Zk3u+U2PsOgVmGTJlX8caX7ZVpfbJhmo+cCWmmdiqnxtmwZWC+JwDtu6uePj4+OTzlp2qiqJx5ic0nPEAI/cJs1pU5EkF+jkebp7onmRl7b38Kg8bcM/wBMyMnx6ZNdGx1XWww8pBHMPlV7WdN8txewek9Qgx44tqw+7W15J7w0w4uHtExsNh5n1b39OZx7/wDXsF0J+U5sQo7fVcj4c1wQztgl2cOhPdXSPWhI0Ncd11mKceqUTieUpe43IuOl6k5xDbpTbZwQFz/T9TbHIPV9wrbjZokjBu1KnZSaJUuL+6LizuikDttkyjmBARWu3sFOOqHUsnMbG+6K2fkYQAmTXkBEaXSUELQZzrxyaJeGMc9OXKDjX+o8f4rz+Kc0tG5ve16J/EVp40vg/TpCbkmzGt2O3+Tef8F5xD2ta71U7qnxvbRaj+CY5jDWtq6KyOneq7pNWSuLCSLPREZNztI9vhWlsVN+B8Hk+yxR/O72WJC2ex5JA09K9lqJ0hlDub0VXKhua5xNosTvKHp6q0yAcB9vDffqUVr+UelAa8EEkb+6I0kg7fdDVghCSaJ+6cM/RYo0m36eUEd0ZjwCQgaoF0HB2SnP6IY2F9/ZLsgWACEINWHZ/NLDuVCjfzfCWPbqhGoKxw90Vrg4WOiA1oIWNLm7CkDsZocirRGOam7LuuyK6mjYqNsQZosdaSiy+lH5Q2ABoPUorTewoFCxCmkVRI5gky24bpMZBfR7IgeCa/dAKkDx4rcSRYTsdNuqQx7QCLFLHSUDv+yYdUgzTQBKRJIALv4THIzmxDd1KHz9ZDWGjbvgphEpJmRxu3cL+VGZ2fGWOPZQObrTWsMj5BEGC3Peaa0e5J6LmXEPjHjZeU3TNHIy55SQ7IOzGtAJJHcn26D5RRxydtIKMXKSiii8Wl2RNPLXK8uJ2TfSfE7O06NmPPK6RjAG8zjZpSWa0Th97khUTVNNd5ruVvKfhcd6i37lJnoPA/jjR0VnHONrUYYZw8kdOhU7wPm4pzp/zM4IZRaxx2C4JHPPpc/mMFOHUVsrPpPFuPKfUfKmFXe1rlqyYcqyv5V+zUyNZV1So9RwahiwQh7CKKbw8U4smW6Fkg5gOZxJ2C5jwjxLj6212JLketo2p1WEbUuH8eJ8mQcg3fpaXdgin6xysj6wil+yksMIyqR0nKmllkEjHhzeoN2CozUTNO0tlFjsFH8H6zFqMn8R9GIAcpPRXKfHiyYQ5oG/dQ4c08/8jdEk/hqjnGXpYjeTy8t7lQOr4JdEQ0Xa6DqWKBzC7tVzMxSAW8uy3eNmbtSZRkv0cs1TDkwnte0U4G+ZPsHXRJE0uNSDqO6sGpaQMhpFbjdc917Cm0vMMrOYtPWh0XQ8ebW0zK5eBZI3Wy942r1y06wVZ9N4gAABeGlcUh4k5C23UelKVxuIjfM9+/alpRytHPzx1o77p+rNmc31AgqZjyGkACiuI8PcWtEgBkt1+66Npettla0h1WO6vY25kDjTot7Xh3cInO1jg4GgPdQMWeS8U6wpJuWHHcCj7qVxoFFR/EtqTcrgbR/LcHubmAn/AMqTovMLcgzPofdd+8f5mx8HYbKIYMttV0b/AA3/APX3XnSOZkcgJOx9lFij8pF7GrxolxICwMBG3VLjcS1w5gLUZ5oeXEA790TFcGO62091bS/YaRJDoFib88Z7n91iOhz2aJOYdd0rmDqrb5TUkgEt3S2S1sj762U6HbHkt2CW2csAAH3QGy234WNkHMKFpdkDQ8aS8jmRg2tuibMkLnUAjNJsOJH0QuaB6jltkV1RC4BoG99Nk3aeVxI7ojnbWOqjsQdoLXBFDtvZNWTHsN0UP6X1+ELYNMMH7dUTm5d+v0QWn9vlL5+UIFIYM096pbDyDvZCE14HQpMk3KL7JmNQ884NAtYZt/hQsmpNYdjQTOfWmsP6lHVsRYH5jY7Pf3TeXVA1pIcNlWJ9aMhPISSOoTR+RNL/AFiL7KT22/AJZ366WXbx9k2fxFbSQ4kqszPfEDKWucB2SNPzmTFzi7/YPVEsVPY+icydVllAp1ElMZ5XNHM88q0CZJ2WwtAN+rZRurTOny247TQ6lG4RirQ6o4V+I3j/ACsN8GiwSyRxOh8+YtNB9uIaD71yk/cKkeDM7tWy9TyHOLnwxsaCe3MTf/pT78W+nSYOvaTOwVHNg8n1LZHE/wDrCqv4d9bZHrWVgSNp2TFQPu5lkD9i79layv2uG5L7LHCgsnKSkdnFtcQ4qMzsEOmBq7VhmwqJJaSEwy4ixvp3peac5O3I77CupDT6A3LaGllH39lH5XAcMzC4XzdARsVbMF3NXMpmGGItssDv5LnHl8qy3I5UODcnDfcOTLHW9tduFK6Bl5ej5RbmTyZEZ/rSOshXqbGhDHENCr+o4sb7HIFUnNTTUtkfd2Wnh7V4ocgSRvHK/ruuj6drLeRrS7mbXULzjJPJp7+aJxbRugV0HhHi+PPx2wkhsjRuCdysvLPJhfeHgnUe6Om50jXAvAsHuoTIAe/sR7IsGW2Rgq6+VuRn9erCvYeXJ02yvLGkR40t00tAbHsoTiLhpksT43MBJ2V606IyyC2j6hO9V0QZ7BTaruAuu4PIVoqvHZ5g4o4KfEP4DnNcDYI91QJps/DyvInBaexb3XqDiPQDExzXNsdlxfjTh30uMbTY6O9l1OOSkkmZfI4ydyitlf0vPOmuErpSB3Bde6smm+JGbC+oZ/SOxaCuP6/q82LIMd4LHN7HqU90TPc6Ky7a96Wqn0SSOfnjabO96d4p6hjw+ZNM2SjsC0b/ALKz6H4x42c9keTCWEmuZp/wXnfK1QiBjGnmHuFLaHI4cjt+d/a1NDJ20wPbV2zuHjtquNqXAOFJjzMkH5xrjyu//XJ1H3XnCLJD3UD913bB0oZOhHEymiZkw3a7dcu4x8LNV4Za7NgY7K04b+Yyy6Mf6Qr+akUF2bRZwSj06tkJ+Z5Q5oO/vfVGgyHObV/dQ2PK7m36Wn0GQ1pcDv8ARO9MlpDr8y/3H7rEHl/0gsT9hqR7kjcSOlJewrbcoLCSOqVzFxHcDZK9GfpjhjS0WiRU033KFHKA073WyK0hCnY9BS/cVsnMTw8e9d0zbuQnMYDXdaBQsEcsIO43WXzEAJDTRpbBohIBqg7GVVHcJRNOBqvlCD+Wr6dVheCO6jkxBxkEeySZb77Ju57Wj/BBlna1p3pD1sQ6dkcpsEUmOXqdAi7+qYT5pLjVrWNinJ9TzQ7e6dRd0C2bdJNlWWih7ptPjNc0EktN90+yH/lmtDTtdIeoQh8HO3at1dWOKVkbZHPD8Tlc1zSw/CdMY6SPzNvilGDNZM10J2d/ipLAl87DLfZMmgRETw4OaTzX7oGJGzGynjlAJ36IEM3JlyR+3si5snK5kvStlG3TCaJAy+Zy3djuFE4xGRrktgkNbSk8ceY0PugRtsovTncmu5TelAFKT0KC2cd/F/w3LmcLaRqzG2zDmfBJ9JACD+7K/wBpeTOFdbn4c4iw8yIlj4ZWyDegaPQ/B6H4K+kPGvDeJxtwlqOiTgBuXCWNeRfI/q132cAfsvnLxfw/lcOazlYOXE6DKx5HRyRuFFpB3VqCWfjvEwsc3iyqaPZukZ2NxJoePqOC9r4Jm82xuj3B+QbCbS4fM0i+q4B4F+KbOHMk6ZnvP5DIfu6/8k/Yc302AP7/AF9PyaYJ42yRjnY4XzN3BXBc3jyhJwaPQMGaOSCmit6fiDzqIAA7qSkgMbTuKPsls098U1Va3MDF1bRK4Plx6Sdoup39jR7LYQB8KPycOtyFMMY/+zY96SZccyx+rb6rOhVBNFD1XBJc6gN+6rUWVkaLljIjJD2mt1d9blEdtroqFr+pR42PLLMQ2NoJJKvYY9/jVkuO1s6Nw94k4uYYsabJjgynbCJzwC4/Hurri8QwRbPfR+V89+L+LZNW1V74SWwsNNFqb4C8XOItD1KCBk8mowEhjcSd7nN+jd/Sf+qWrk/03leP3cMt/plWXqPH9322v/J9CdL1yOT1NPp7UrThai1zQXdK2XFuCeK4tRYxznAEVbB2K6ZDmNyYWcv8lhcXPmwTccj2vonl1vQXiTFbnRktbddguV8QaGQ5zS309aK7FFB5kYve1C6voMUpLq2PW11/F5s5K5ASimqPKnHfArNSbLIY+SUfokHb/iuXStydDf5GQ0tN+h9UCF6z4g0Ac0kfKCBYBpcz4j4OxM6F+Pk4zZN7DiKcPoey6/DyFOOzG5HGjk2tM403WHOy4g403YupdD8O4m8Q6wZWvd+XgoADoSuZcT6FkcN6i5jml0D/APJvBu/quv8Ag3pkmnYILiC+Q8xWli86OeyJw0zt/DunedkMDhbG9FdH4EckDoXxtkY4UWubYI+iieGoA2Fpds6lYRJy+n3V9aKNnmbxd8L38M5H9JadF/4fJ+qNv/2T/wAFzSN4aAHNJ77FezOJtJh1XS5oJ288b2lrmnuF5S4w4MyOFdTceVz8J7v4cp6fQ/KFqy9impKn5IgZLa7rEM5ABrkb+yxR0WKPd8byAO6I08zTQQGmjSIHIjMf+AjbBTiPrZNfCbN+u6WZRvW9IfsZMc0C67R2v9QugEzheH79PdGHTcfzQN0IeNde4NpXPTgehTeMk1RoBac88x7Ie1gNMeOeKs7BCfMG7Ck2fIWtrqmrpyAmsVDifK5Be/2TKfKc/akGaezub7UEbGhLzbunZFFWM0Kx4W3bxZPujWGt2Oy1IRynsAosZVFwBsA0QrPxSBHuW7mjNEbbjdNsnV2QYkbXG3P2ASHybB1ghQWoyF+qY8XzYQvJ9A0I1TKdhTwTFpEZcOavbupzGk8hxAJpyjdfhbPiMAFuadynbH3jQvunFoUKkh0CMgbqv1F9U/nY2SJw+FCNDjrLQdrYSpoSHl2FpP8AY7HumEvxKvcbKEwSTxFn/wCoy7HXqpnGk8jBuqJVe01x/p/OJJssbX80M3oZFpil8uiV5y/FJ4UnW8d/FWmRc08DOXOiYN3tHST6gbH4A9l6FjF+r7ppIWSF8UrOdjhRDgCCPYj2Sx5HjdgyVnzPN4s3MLaQvQXgt4+f93ootN1rnn03o2TmLpIfoD1b8bV29kvx6/DrLoj5+IOGcV8+nSEvnwohzOg93NHUs+B+n6dPPLHyYjrFg/Cny4sfJjb8F3jcqeB19H0UORp2s6bHqGm5MeTjyC2viII/+fgqv5c7WyC14t4d8UNZ4WlccHNlxw7q1jtnfUdCrC7x61rIfb5mk962tefeq+kZ5v8AiSaOv43NwZFblR6yjyGNjuwR9eibZWoxBlF4H3Xk3L8fNcBMTJWgHvVquav4ta7qNtdmuAPUN2XPQ9C5rdOkjQfJ4625no3jXibTdEjkmzcuOMdWsDrc76Beb/EDxMn4ilMGO04+K0n0tcfV8lVXK1bJzS52RM+Qk3biSmAjMzwGglxNADuut4Ho8eNUpu2ZPJ9TTi4YtAHDncSe67p4PeErsTCHEGpRfxZo/wD6SB4/Qwj/AChvuR09h9dnvhD4CyF0Ot8SYxYGFsmPp8g3vqHSDt8NP3HZd4zmcmLQaOlVS0uTyY4/4kc2m5PsjnGDky6Jnc8NmjRC7dwVxINRx2uBpp2+hXIc/CsGgQS67pA0XXZ+HdYABd5LiOYdvqvPvUuI8t5Mf5I6PhcqmoS8HqzTcky1ZtqeTY7JmmxsqFwrr35vGYQ+wdxurxiZgkj9RWfw+TrrLybrRVOItJbvsR8lUXUtKEtgt396XXtRw25bLq6+FWNR0ptk1R9l1/FzuK8kDivs4ZxNwezLjeyaJr4utEd1vhPOw9Ey4MGTEe4vIaHN7Lp+fpIeacOUKia3ocmFl/mYW9DYcF1fC5Sr5GPy+N7sdeTqunZEMcIqSgB3S8vizTsAU+ZjnDrv0Xmji7xS1jQ4THHA573jlaWgkX9lrhjhHjnjIxZWeWaPivNj80D5jh8MHT6OLVrzzTa/ijZzLwe3/ddHoPI8TdKc3lJDh7WmGXkaFxZhy40nI5kmxjedv+X1CpuneD88Xqk1p0xr9P5eqP8AvJ2fDjUcGTzIJmy13NtJ+3/NRQy5U/kglGC2mR83gXguleY897Yy48o5QaHbdYrE2HV2NDeR+wrqsU3vv9Bd5f8AUdeDr37+yI0903Y/eyN0W76dU9kWmGa71D2SnDlO3RCbYO6Vz38oRIJGSHbI7ZrPq2HsmjXcrrSvM5jXVAwWPfP5PYgpDpTSbF9EDdIkyA0blNQwZ0xvcppJNuQN0OTIG5s/ZFwYvzEnOTTR790lGxheHCHvt+3dPHTgCm9PcBNppzEJOXoEGCVz22eqmXxRG5foczzAROKhcKTnfJfc9U81aYx4Mh7gJhpXLFhMke4cx3QSkKh95VRus9elKFzIS3VMed/RocLUv5wySA3oonXCYAHBw9JvZQ9h0h1lu58Vzr2qxab4k7psCEF1bHf7pvqmdGzCLWyW5zU30abn02Ak3sd/uVD3S8BdSSJazPhcTZLS1TGExkspaOtKAlk5cnGJOxdW/wBFMYsxgmLroUjjNsZqkH1LMbERC09AoTSpb1vL2/qM/wDcj47vzuXJIf6t0mGiyibWtRo/pLW/3qN5LYktFoZMDYFhBkfYs/RLhGxQJmO9XsE92DVDzFlje3y5KI9iuJeLH4ZtB4wlnz9Jc3RNTdb3OjbcMribt7OxPu2utkFdce50bWPrqiuZ+ZiLrAdSFZJQ/EZwvZ4G4o/D9xvw3zSSaS7Px23/ABcA+cP93Z3/APlc/wA3ScvTpfKy8WbFkHVk0ZY79ivpYwBg5Jw17etFOo8XEmBPltLewtSPkJ6mh05rwfL12O97jy0fgdU4wOFdY1idsODpmZmSO3DYYHO++w2HyvpwdMxYA55jbXVVrWGwefzNY0Dp8qDJmhBWkTKc3o8bcKfhp4m1tzXao6LRcfuJCJZSPhrTQ+5+y7vwJ4LcNcDck2NjfmtRaP8APMunvB/0dqb9gPm1fXOa2uU7nqh87QSb/ZZGbmSl+LokSk3sY5EghmIJH0TPKkbLE8g79BSVkPb5j3El3sm0rXMga0AWTayZZpTdlhRoh8rHMj2tq1E6jpIlkL2g7D3VibEXy8x2BWn4nK/rbSmUfcCTcQfBvED8Cb8rISB/VXXdI1V0sY9QI+Vy7E4TOY5ssZ5XDuFPaXmTadOcbIceYdPZcd6n6fl4k/6iK+LOn4XJWaPSXlHV8PM52+wKRmReY7mAsFQmlagZmNFn6hTkUpe2j/NWODyu8bZpSSIjM0+PkJMYBPuqlrWnskY4Fti/sugzwtcTsXEbbqA1bBsOoC11GHP1KzjZyDXuF45HNmiaI3s9QAG1qV4Y4jAkZi5b/Lk6NDhQKsGdgBrPU27VW1bSDMXPZTXVsa3H3XR8Ln9X1Rm8zhR5Cv7R0THy4i0cqO7KAbtuFzXROIpNOkEGcTydA+v71eMXKiymNkjdzM7Lp04zVo5aeGWN1JEhzNO9D9liH5zR7LE/VENFjEgftdH3RWu9NWmnMCdt0sO6bqsyXqPWuttd/dJdNyu5QQU3EpF7pAPW+qQO0x02Sjsl+aG9t00a/lPVY6bdMOOfO6jdNpZtyOqG+Upo6QucRvaJIGhyCZXhosKcw2hgayuU0mmPi+RiNef1O3NrccxGRRI+FJ0pDGsx1CRvdM9NyrkLHXYUjlsol4qiKUCMpmPm0DsT7KJ7AoktXAkxXtB3I6KExml2G0uscprZTmQ5sjbHWlBYs4bLJG47XsFVlsIRNq50xhdVk+6b5uQ3I0mTIa4kPaSRad6lmw4mDM8xh1CgVXY5HflXC/S9uwVDLKUZqnoOKsh4tUOQ112SWd+ys2C84+mQAmjyjouecOS/nZ823E+XIY69iOqvL5QMeJvsAKUGKTVtkzRORx+d5DrBIcDv0T7KldDHITXToovCeWDewBXVE1vIIxdtufa1bhkTjsia3Q60yUjDe40Dudu6YcIF0v53Kc0jzpiRtvXX/FLMjYdIl5tiGbFOuH8b8tpkIGwO4UcHu2PVImWTOvYJE0pa9wdW4WmFzL6FJlIka0973Vq78ERpj/Micw70h4mTVsNbJLXOZOPYikDKa7HyGvA9Luqiloce5rWSQ2K5hsEwZkyQ20bfCfAB0YPumGe0N3B3UUtoRvP1MNg5DRd9VUc7OMkpNggdE41WR/Psdu9qIb6pfVuFkcjI/BZikthBIXu32K1kP8tldQe6ccjXUQ3dM8yRwZs0bd6WRJN7JVTI+RzpHNYdt7NJEshIe7sNkWAAuklcNwKCbuIc3lN770o3GtkiNxPJiIIq+hQmc/n8rnWE5kjDIgRaj3zFkwNV8lW4ppIFo6Pwvi8mPvRB6KB48YMRzMhjg17DufhPuH+IWMxg0kcwCrfFmU7UMkxE87XHdbnKw4+VxXjf2PhyvFlUl9Fg4b4g5oWDm6i7BV7ws4TRNN7/AFXHsjBOgmGRhIgcB9irVouu1GzlktoO4XleWGT0/M8c1o7bHkhnj3idI8wcm1FR+ZyyDlI9PumUGrRzR2wov5ovbtufZbOPkxmk7CcaIvUMEPfy/wBVQWoYAYeUbgd1acjcfHdQ2bjGQOf2Hdb2GdJEcouikarp0clt6m0y07WcjQn+W5xfj92+30VmysbmcBVqFz9NbPzCqPdbPF5UoPzoo5cEMkakS7eMcBzQfNAsdFip50SifQsXQ/1sf0ZP+3x/Z2+J1bX1RmyDpYBTRp9C0D6VaoxUO/OIJ3C0JepJpNbPq37LQ6lDQI5M4NAbFalmoWm/dIl6JJDBDI5523KlsHTQxrJH+px3odlF6WA7K3F791Zo9uWtlPFEcnQRzTIwA0oXKeItQa0WVNu/zd31UBn/AOdMSl4GsmpB/DaSb2tVPOZWsNJFA9laLJgG/ZVrVv8APoj3tVLof7Jid7PK2qwLVLyMp0OrADcE7qyvJ8s79lWMkD+kht3UHlDrbC8YTMxtNHL/AFlFYrufCa5pum90rjcn8vEL7ptgf5m//U/wWVmfzRLFFT4OxfyUuojn2kynyAHfZWpuWZMhrBR32Vc0X/KS/wCs5SURP5tm/sq0pOK0Gy8YMb5mtBBA7lNdYymnLixr2HVTejgf0fdb0qtl76669/UrD+ONNArySWouDcJse5LiApjFm8nEjZ0oAKH1TpD/AKylY/0sUi8gSeiRbMCy7SZHDyzXsh/1QixAFpsXspk2B5Gcspe1u9b9kedoniq7PuU3eAIOndGB/hD6BP5FQLDyw1hjcbINIuVGJoDy0VGDbKkUlhbj7KGNttDlR1TzI3kFu3RRoLSSbo+ysnE7QANgqq79ayOQqk0Tx8DqKf0kFMsslzibGwR4wOcbIWoAN56FbdlktuTonSGUrjBiNBd+s83Rcc468ZsnDzZcHRQwBh5XZbxzEnvyjpQ6WbXZ8hoc+EEAiuh+i8reIcMePxrq8cUbYo2zuDWMAAH0AW5xOHDM7l4QHudX4LljeL+sY3CzZhLHk5QnLXumbzU2rHSk1w/HjLdktbnYUU8YPWJ3IR/eFScEk8OakCbAcw1+6r+N/XWouDhpqgJZW9npfQePcLXMczYcp5h+qJwpzT8j/FW/hwu1bUI3P9QG68w+H0jmcR4oa4tDi4EA9dl6l4EADhQVLHi9vN0vQflWXPiLDjm0h7HUAQuV6JxWyaZ7GSh/lSFjq+D0V540nkZHG1sj2tL2ggONdCvN3hxNIc/U7e43kAnf5csz13iY8sFN+Ujc9KySvp9HpbStcJj5u3wFOQak6UAtfQ7kLm+kPdTfUf3VtxHHyxuVw3HwRjJUdTIn3amHNLbNjb6oM2bzsoODQeyg5XFrnUSPotNJJFkldBim1SIHtD+QhxJPZR2SS53pq0fIJDxRrZN5P0g91sLRA4pobGEk/wDNYigD2WKz7jI+iP/Z","arjay","l.","delos pobres","ejay","camp tinio cabanatuan","2020-07-21","23","Single","Male","Purok 1","Yes","Unidentified","09252162342","loloko@lolo.com","vendor","campo tionio","1","");
INSERT INTO tblresident VALUES("181","00000988","sdasddasd","data:image/jpeg;base64,/9j/4AAQSkZJRgABAQAAAQABAAD/4gIoSUNDX1BST0ZJTEUAAQEAAAIYAAAAAAQwAABtbnRyUkdCIFhZWiAAAAAAAAAAAAAAAABhY3NwAAAAAAAAAAAAAAAAAAAAAAAAAAAAAAAAAAAAAQAA9tYAAQAAAADTLQAAAAAAAAAAAAAAAAAAAAAAAAAAAAAAAAAAAAAAAAAAAAAAAAAAAAAAAAAAAAAAAAAAAAlkZXNjAAAA8AAAAHRyWFlaAAABZAAAABRnWFlaAAABeAAAABRiWFlaAAABjAAAABRyVFJDAAABoAAAAChnVFJDAAABoAAAAChiVFJDAAABoAAAACh3dHB0AAAByAAAABRjcHJ0AAAB3AAAADxtbHVjAAAAAAAAAAEAAAAMZW5VUwAAAFgAAAAcAHMAUgBHAEIAAAAAAAAAAAAAAAAAAAAAAAAAAAAAAAAAAAAAAAAAAAAAAAAAAAAAAAAAAAAAAAAAAAAAAAAAAAAAAAAAAAAAAAAAAAAAAAAAAAAAAAAAAFhZWiAAAAAAAABvogAAOPUAAAOQWFlaIAAAAAAAAGKZAAC3hQAAGNpYWVogAAAAAAAAJKAAAA+EAAC2z3BhcmEAAAAAAAQAAAACZmYAAPKnAAANWQAAE9AAAApbAAAAAAAAAABYWVogAAAAAAAA9tYAAQAAAADTLW1sdWMAAAAAAAAAAQAAAAxlblVTAAAAIAAAABwARwBvAG8AZwBsAGUAIABJAG4AYwAuACAAMgAwADEANv/bAEMAAwICAwICAwMDAwQDAwQFCAUFBAQFCgcHBggMCgwMCwoLCw0OEhANDhEOCwsQFhARExQVFRUMDxcYFhQYEhQVFP/bAEMBAwQEBQQFCQUFCRQNCw0UFBQUFBQUFBQUFBQUFBQUFBQUFBQUFBQUFBQUFBQUFBQUFBQUFBQUFBQUFBQUFBQUFP/AABEIAPoBcgMBIgACEQEDEQH/xAAdAAABBAMBAQAAAAAAAAAAAAAHBAUGCAACAwEJ/8QAShAAAQIEBAQEBAMFBwEFCAMAAQIDAAQFEQYSITEHE0FRImFxgQgUMpGhscEVI0JS0RYkM2Jy4fAJNEOCkrImRFNjc6LS8XSzwv/EABwBAAIDAQEBAQAAAAAAAAAAAAQFAgMGAQAHCP/EADcRAAICAQMDAwIFAgQGAwAAAAECAAMRBBIhBTFBEyJRMmEGFHGB4aHRFSORwQdCQ1Kx8SQ08P/aAAwDAQACEQMRAD8APAFhpqI6ITeNgiNwgDrfpBkUZM0yZb31849sFbbRuU2I66R6dfI/hHJWYOMXIVOY7pDY2lpd50gdcxSkfrHtdTmyNdALwpqYS7j6YVqS1IoR91qP9I41Fk87NrZRtaBbfrEU3N4jPLyg5gUrQX0h9SwE5TbQiE8py3SpKbgpNjcWhxUiyEnqYr2AwcnAjXUxlZI23gbVVvm4ppd9kuKO3+UwTK2mzBsemhgZoUp7FcshwpDjZUohPpFgGBB7mwBCXh+UAlysDRR6wtmk5EHvHSlNFEuhuw0EZPKBFk6kb21iFYlrGR6only7hAsSOvWEuGaeXXFvEQoqXisLm34w94clWk09JSQb3vpF+MiU55nKYaGdCAfWB5OtCar00sdF5QfTSCc62m77yhZLSCST6QPKe3zn1u2sVKJ7xxE5OZW7YxH2gSQaYWtWp7xwelue8Una8Psm0GaYVfzdoSSTBXMAdz1jorHM96pAxHzD8gGZUkpsLRXPiKs1fHdRmpe5DbgZSq+gKAAfSygftFtMN0VVRelZJCTmmXUNaC9sygL+17wU3PhV4cTLzjy8PqLjiitSvm3gSSbk6L7ww0FaVWGyzt2guosazCpBtQ1t43wJSau2AVvS4DgH8Lg0Wn2UDHXCEkZCuJSU2S+kp179oL8lwqo2DKJ+zqLKqlpMrU5y1OKcso9bqJMQio0Y06cJtlGbMk9j/vCnU6dUc7PplqXkjDdxOUjQwvEyGwCb+19INXDOh/JU4EiwKir8YHWGWRM12WfUPENwfSDlh6XDMgggWzawOKhvzGXTx6+oAPYcxHi5tL0mlu+xvEbwZSUorRe3ypP5xO5+RbnWilY16GGCnmXw4uaennUSzKRcLcUEi0WrSWtDjxC9bpW/PV3P9Pz+nzPOJNaYw7hKeqDqmszSP3aHVWDi+iPfaPnbi2rcyfnKpOOCYdcdW5yUqITnB1ANtgTb2i0vEjFc3xCxAGJdK26RJAlAJFlHYuHv2HYHzMUJ+JXG0nhKnUphicS6ubpnNBb2DrjmZd/RIH3i16Rawr8yNtqX3+qnbsPvBBxh41TNPrj0rTJoOzt8r7wGZDXZCLnfvce51iH8O+NtfwzilioTExNTjd8qkuvrCU36i2g+20QpC5aaUm2Zby15sw1UrXqYfMVYmlX2pWVkZRqVEuwWSQApROxN7Xv6k2vBf5VV9uMiN0rTZhhzPoxgH4y6JwxpKKgJ1mqzT7Fnm5l9xJvYGwRbe/UC24JERas/9TStKriZqkts0ejuWS9+5W8i43KCsGx72Tb13j51OVBbYUEqKiep1N++sJf2hMPvoU6eeEkAIUTawN7WBEXp6dQwFzIDTMTndgfafUGX/wCp7JyQbcTMVGqLSoBxYl0Fk36FKkNkbHbtFleCnx18OeLkmlDk09QannCDLTrSsirmwUFgFIBPci0fEjD7EzU6snLKILSilKktouG0khIAvfW5A1uYsHhGmUnCGISmjTMjVH+Sl5ycPOZTKeA5mlqd0KlfyhKtRobbmpTTcnKH9RCnuNZALftPuAy8h9tLjakrbULpUk3BHcGOkUy+E74gpOTwtLUidrLtTyPZBItSTi1ybRv4rpRqMxsRfbUAbRcaVmm5uXbeZWHGnE5kqHUQr1OlfTN7ux7GW6fVJqAQvcTvCWozaZGQmZlQullpTh9AL/pCi5hBiCQ/atCqUkVFHzMs4zmG4zJIv+MCDkiFk4GZ83+KdZfnXKHVXllT01KJecVvdSlKUT9yYY5+a+fp7biT4gNYfuKlO+XwzR0n6mWOX9iREDoVQS5LFtR1hzcuSftFqPwGksw1iL90Zdath1Ma4jcTyFL0sdohL8wunzgWCQCfwhbVq2ZmQCUHMs9IHIzgieBwcyE150uPFKRqo2jgzTlplzoSo21h5ZpKluh97YXNjC2mtom5sNBIy7R3GYSLNom+G6L8nJLmHB4rHSBhiRIm6k4Em91k67bmDhNMJl6a6gaWSdPaA/MyhVNLIJUSdAY8ZZQxLFjGMSdgANh5/wC0ZD6JPQf0jI7CeJe0It1v5xuEWMe29xG1r6WvA8RkzQovba8e5LDveNyBcWG8YoeE+kelbGDlr+8cQKzZWjLbSFDv4bgfiYVVhsNhRUlSQATm6D1MNFCfD/ECvqB8Knkov/pBTr9onS5FKklKvED0ULwK/LkCKLMZBMhckh1x8TN0uNWIvbVPv1h0C232wUm9ukdKu+zSWktFF27WKibAQySzAamMsmpTrZ8Ssywco8ohg1DmRyHPtmuJ1lqRUSkqChb0gX4bKp7G7KCsLJuoZdQBe2h7RPMX1R1yUU20PENxb7xCOFzTc3j9x2xDcvLrWpKuhvY/mIixwIJZhmA8ZhhmliWQ0ltxDZURcKGpEJGJNlhbnJcLiut1XtHGYeZnlreLrKlhRSgKJGXf6h9oUSTYRdDnL5xF/B2jtXfBl7DjIjVVk8pSRuskEC1yYeKSpQKgW0Jum6coOn9I4TdOE8Ahajv9adxC1ttMlLJQ2FGw6nUmCyCSMShSFUxLiJ/5PDU44okFwZfvEEw43mQEhRXroq97xIOIlVP9mpVooW2XXLEAWIt5H1hnwown5pKUABBSFEWMerbJJEGsXnEmUygtSTaE72jlSmc02m34R7PrvMoRfUDU9ocsOy3NmTlNyP4hqIsP2lZhi4O0QzdfTM+IJk2yvTYqUCkA+xUfaDu0lVrZTEO4H4cRKYddnXRZc25dPQ5E3Av75z6EQUky7aRYJETa0IAuI30PTnuX1ScZkfmJFb7ChlNyIGNRwlV5yZm31OthjOcrTqbWT6iDeSlHSE0ywwULdKRcC500MCu3qjb2heo6SpO9W5HeBCl4dq8i63MSTaHh/KlWZO/nYxMn+J39kJFo1uQVLN/SHErtc+irfnGvDzijhLiJTkzVLdSzN7KlXPA6hVrkWvr6i4gb8cai3K1J1tM2lb7LRW7MTqrsyqVAnKhFtFFIGu5KhqNo9Xp7KiVtHIiun/LUXaawHd5H8zvj34xaVhqVeVIyPMypJEzMqUWk+ZyJIPsqKT8Xf+oXOYlqPylHYFVm0ggTDYytpO5S2hR203Iue0CDjbWJ+tvTk87SJ56lzLRSxVZ9S/Fqq7uW9k5hoE2tZNwCbwFaozhaSpc0GfnV1BKbNvZwnI4nUEp2yk7a3A79Gfpqi5Cw0JZqyPzDkj48Q4r+N7E1OknlOoXzgQ2W3Ji5Q5rpYFJG2vhy6AW1iuuPcd13iNypqqTaHESyMrIVoQm2w/50iPVfEM1VpWUYmClZlgpIeKf3qgo3stW6rbC+wjahyLc4VoMm7OrI8KG3MlvP6Tf00igFR7UGI4p0ddR3+Y0sTTjSwAo3GxEarm15yonU636wqVTHg8UcspWOlto2/Yb9yS2rTygZmK9zG6rnsIkE4oCwOpNzHVh8lX1EX3MeqpzqDq2Y1+VWkbEWjwfM7sx4ktpNdnJOlOSUtMql5Z5YdcyHKpZG11b2G9u5iacNcUyuHJ0OGddCG3m3cqXy01mTsSlKVcw7gaWGuuogRJW4iwKjp0h+ok4lpqYQZdtanUhIcUDmbsoG6bG1yBbUHQwz095U4zAbqAynMv8AcNfiSkpqelph+ru0BcsxeSbk6dLOFSgpWjjxyEDsrKo9zF1eCvxT4exZIMSdarSEVNZP7x2XDCBrYAqCikkjW/hG4sNL/InhRSW6xUWGVzUvLF1WQF9ZASRqewvYaA73A3MXcwvwwpmHMPSmIqfOpqDTLoZcY+cbS4HcpIVtYjS4F9R10NnDCjUr6di/uO4iRhZpn3K/b58/afReUnGJ+XQ/LPIfZWLpcbUFJI8iI9nHUsSj7itEoQVH2EDvhhXWqLTWaPUKW/RZnlmYQtaSWXkkXJSu6gFAWukm484feI2Jpei8OK5V0uBTSJNZQofzKGVPvciMtZQUu9Mds8fePq9QtlW8nnHMoXxXfS7RAEn6MydP9UBSizpRMLQTqDBAxDXE1agKcSrMkrX/AOowJJKa5dWy62JhrZzYwgVQ9gk0qDYmEhfSODDCWvEqxHaFEsvOwATt3jR0AaGwEB4IOISvbESTrrjyA22LDvDe/Vjh6fk7ZTc3UCN4fJdoKPhEQbFM0BiJnNo2nS179ImveEIm/iFJx9mt0lcxLn+HxDsYG7kpldUTvttaHGl4olKY4hUu4pTf/vDQFyE9TCiuyqWZxZQQpKzmSRtaIMOeJOpSmQY2hmwAsn/yxkKEoOUadIyIbTLuZc+3WPRtHoBOm8bhu3QRXEhmtgQPKPFjwm20dSmOT7nLbJ26x6VMYD8ETZnsX1xWYfLqmSty52BW5l/ERPcY46omB6S/U61UG5KSZT4nFnUnoEjqT2EV+p3ECl4IRWKpWZgy8olKXFqCFK6qtsDa5UB6kRUTjlxyq3GDEJmX1Oy1IlrpkpHNcIT/ADK7rPU+3SKUAOoffwo//YgS0NqAoT95ZeX+KSXxPiyeTzTLUp14iW+ZVdSk20CkWIQNxmB00Kri8Fii1RMwpibCkBC0hyXWk5SoEdRFG6jwtnaFh1ipLqrbiQy06ttpgkJ5iQUC+bY3Avbc+cF/gnxJYnqfI4aqr6WpyWTaQfCgQ+i5PKJ/mT06kDuNe6v3jeo4lz6QULlDn5lksT6BM1oErFyBqAeohp4eq+TrlYBYDRMskjXfxG5/KEz1bTO4cdJGXluouSdQVbg/YwvwhKrcqk9MZrtrQlop6Cwv+o+0CEhkzEh5swJKpRqQnBncQpCnQQCgXJtEpk5KVXJpWwE3SnLnUBeIbg+UE9VH2nCoGXGfQ99P6xIqvPt0mWLbRyjrrrHaAxcsBxJlx6XJ5nR1ppMygB0FZ6Qrak15kOFxKRmG4vfyiJ4YfNQqS3nVW1sPSJU5ONU9bySgvtL8ZJNwm3aCbX2qTKacOYPOITiqzV2ly5Unkgp5Z2uT0+34w5YXk1MNhbh/eK310hnUpU/NFaiXC6vMTax7+3SJPKIbp8mFHRKRe294nUh2AmQLZJAnGtupMyG+blKtCD1B84mvDairmlsy0tdTjroQlW9iep8hvA3mSalNJcCkLK1WbSrp3i03w4YNQ9KmqOJSkNgtIyjQr/iPsNPcxahG7PgSIrewite5hhowaptPl5VkZGmUJbQPICwh5l5/SyrW9Y4P0Y2/d6GE6qXMo2F/SPE1vzmPKxq9Jgbc4+I9B9Ch5Rxm3WjLuAkaptCFmUmbWII8zES4j8QqFw5priqrPpE4pkralEeJ1zcAhI2FxbMdB3iNVBssCV8k/EK1GvNWna21doA7niVW+GlpyYxS00E5kF5oAjTwm5P2Av8AaD3xuwxh/CeHqrWZqcdlHKhcTK3CHE8tKFLWkZvpCgjKSCNx5QBfhQqAGOZdlwAZboASbi5Sep9Idv8Aqg4qFJ4aUGmtTKm5mbmHHC0k2C0JCd/dSbDr7RqdVSb9elI7NnP7f+pk+mOtXTWsYe5doH6mfOrjjx7fxhOPUmWv+ymFAJRmPiWAUg26BIJAHvuYEr0kuapxfKUguqCfUfrtEtwNw8OIZp1+ebUZdahkWDcmx1v2iR13AlUrtZTIUuUUppoZOepAShIva/c+sLLCq5UcATZUUlAFAyYFGaR81PBlCFPKzWsgXJME3C3B6enGg+8ktpUDlQhOmvfvBvwB8PtPwtJonaikzk8fESU2Qm/YGJnU2G22uW2kIAGgAAA9ozF2o2t7JsNPpBty/eAtrhXKyCklwJK0jp/vDRWMHNy4UpsJCfLvBXrLgZc8QBv3iI1lXNbISbG0BNYTzGiUj4giqFKSjMkpFxuLQzu0uxKQj2idT8mlRVfXW/vDWZQEHMBqItrsxOW0KfEhrtJIBun/APUcW5RxhXh1t3iZOU3QEAn0EcnKaCL5N/whjVZF1mkB7RspFYmZFxBDqk5VZgAbawWMKYyeQhOaauDbwXUNOoNhY6QLJqkkErRceYHWHShcxS8ufKTuSDpGn0tzY4My2v0qn6hPo58O3xOuN01yn1Cpvz0qlAS7T6nNJmGzLgZTys1nQRpoM4tfw7QSp3GDdTwvjvhQ4txqbcb+donOJSpxkuBeTYEG6CRcXssXHh1+aVMcdYSFy8yHHDulBOYaWP4QZaFj6rY6fp009PTJr9JYQ2xO5szqm2/pSNr2BtY3JF9ekMLBVapYjDf7+DMxWlumswv0+P7SUTmHanhiimQqaUJmAlTqktrCyhKlEjNb6VW6b/eBa44pmrA33Vp2ixHEppTshKTwl1Sz9Qk23JtBBHjO6SOhFk38xeADUJYicKsuua14R8liT3mkUe3CybUzxo9RG86hSRpuO0caECuWbOl7dodJmXzNi1t4ocYMLQZ7xtZfCZZ0m+YA9IDOJcStU2rTDjgLpUq6EAdf0grVRapdDrbIzOKSRqbAQEq5gmtOTjsy4wXwSVXaOa3oLR5cZyY50lIJ90ZJCrzDeImKovwFDucpG2TZQt/puIstMyIdpMktKgsJQlKVDUEW0I/CK6mlONps42tC0ixSU2P4iCnwnx2l6XRhyqOBtSNJN9WgI/8AhnzHTp07RIgsOPEJ1Wnxh1HAk0TIeEbbRkSYURIAGv4xkUZEW4EssgG+0b269YwC17n8I23F7/eKMTPk5mmhEN1fmPk6JPv78phbg9Qkn9IdSi/TWGHHX7rB1aJ2+Td/9Bjo7yp+xlE+JPBXE3FWoSiKDMoe5R5X7OcVy+YpRGoVsToND20jPiJ+ELD/AAv4fVmqUyozAqmH0SZmxMOhbU7zilKsgtdCkqVtc3Ai1fw+/s2Qrdan50ZnpOTdelgr6QoJN1H0GscKhgDCPEKQqWG+J829TZeamkVdmb+ZLKH7JISAsGx0uQD3PURS1g9Yb+w+PM0fTqB+SJwMnsZSbhLj6jz+A3aZiB0NfsthbKlu6h6XNykeqDa3XQQG8bzMlKVrNRJxUxIoVnbdSFIKVdRrbUWBBHtF4eLdD4BcPMMf2fw3JyS25lwfMzEw+X1OgbeIqNtQNRbaA5VOAGBsUUoGgvv011agsOMPmZRex0ssk212ChETqFVdpBAMs/w6wkuvMnvwwTkxxR4b1Q1OaW7NMPIadeChzFJSVFOa41O+vUWgt1UP0alLap12lLQRmUnMoab+ogMfDjgau8IJzE7Uw+xP0ibQ0pucllEgKQVA50WKkmyhpqPPuXarjKVkpK703KulebJZ1IJ203hPa5rOE7TI67TCm0gjGYrwfi52XE5MzTXJczlKFbc4ZUmw9FE/aOom5mvzZW6tSgo+FsawLaDXXJ+uoQZVwyViFTJNg4eyf6wcsJTNLlQlxCHS4B/EIcaOxWrJPeY/UepvC9hHikYfVK0x9axyyEXF4Zf2u8qSfZbCk5rhWZJsBfvfqIl81OrqjKm5ayQjVSVjRR7f1/3iP1RpxSglaUocVuEbR2yreQYZXbsQiNNOkwpze9jfaHudKGacu+Um2yto8kJT5ZGZdsg1uesNtQmlTs43LpbUW3DkBB0v01gpeBKmfbiI8NSrNZq8mjlqWsOJabS0BlUpR0H3O8XowgmVw1RJOQYdR+6QAop6q3UfveK8cIMDydMmPnnJfOWwUtkkjxHdXsNPeDnS2WJlacyktDqbwfTpNtW+zzEt3Vmr1QpowWHyZOP7SIaHiWCIwYwlrf7QlYlKS4yEqIVbdQOsJl0OnPKUGphQ8idoFCUk4IM1DavqaqGqdDn7xz/tjLXIIP2iKcRqlQ6phWpP1OlSdUErLOvobnWUrTdKSeo02hRNUplg/wCMT7RF8ZMFeEq0hALhMk+AkC9/3Z0tBtFFQdWQmZ/W9Z6iUam8Kc/oZWP4YJhMtjSXmFeGz7ebTa9gfbWIH8Y2ITxs47TknJq5lFoCU09S7kJUtCiXR651KTpvlEOvDuouYTpNbnEJKH2GglpKgcxcICUJt5qIENNFwkhuYabzXeUburVqVrJuVe5JhxrdVXpbHsX6sFR9s9zHnRtDbq1rDfQMMfuQOB/vIxgrhXN1xSQUIlae0AkqvoO2nUwTW8OUTC0uW5dhJcSLKfWLrJ7xNKfTVMyrcrJtDw/woT9R6mNazgBCJByaqsylhJFksjUkna47RhGD3du0+t1qlA57wJ4mxnKy+ZKFlZGgQgZj9oF9V4lSDC1l5TjRB3WhQH5aQScY4NlJnmlvOkX+pvQfaAXi/BjLJUlZUD5HpFXoVj6jCBc3/KI6PYrp1Zy8l5td/wCRV4ZKo2kpJvmHkd4GVZwlMU5xL1OmFnXXKohQMbU/E9VkkhqcC3E20K739LxA6byhzJpq9pw4wZIZhlSXycotuCISKbDuo1PlDtIqFSaS4E3vr5iN10/IpVk2/WIKuOIeWB5EZxLi0KGpBL1ylIvfvqYcvkrgAJsb9IWS0iE/w6Hf1glILY4EZZilAsGyT7Q0tUtcvMDICCpVrCCQ3KANWyjbrCB+ijmBTYsoC9gesPNIxB5ma17gjmJJCmrmGmAzfM2gBYOhSbn7jb7iDx8OHCOqYzxjIM09aZeaC+Yla1FIAA+o2GuW4V52tEHwXINTKQ0qWS66oKJ5gA2BIykaiLz/AAY4ck5TFEzNsNkITJLCOYQpSCVt3FwB+Qh2CER7DzgEzHuDaVVTgkgR/wDiA4MIo/D5E1LrS8qXc8asltDaw/AnXrp1ikFfovIfVmGoVvH1Z4qMh/h9WkFCXAWL5VbHUR85ccUdpM29yUnID4Qre3aEtNhsTc3fM0PphH2iRPDrR5GW2x0h3qTwlZdCUjM84cqEg/jCaiS/LWoHb0hTIUuZqeIFTTjahLMIKGyRoSdyPaOv3jCtOcmNyaKVG6kkk731vHQUIC3gibM0jKB4dexjdVMSNcusBs2YWHxBLjPBaapTlKZbzTTPiRl/iHUQDK1JKk3M9iLG1ouFMU3QgJv5QDuM2B5ikp+flWFrYmHLLUlN+Uo3JuLaA9InU5UxrpLwx2NIGzxcxVLsttIqruVtISMyEk2GmptrGRETIrubtm/pGQw9VviH/k9P/wBon1dSg6kD7iOiWr62sYVIlx2vHYMgQtCz5lEqWLjyiNcSkBvBNWvexYI+9h+sTFLQSfaIbxgIbwFUdhmLSb+riYmq88ym0+wwMcMZptiozCnV8tlxK23FWuMqkkG467xHeK1clcYYRkaJVZpNOrdImVsNzgBKVtkEDMOwNiNe8dqE4pik1VxAJWllwpAGt8ptD5xV4DVnFODpXEzMshSpmVQubYSSHAcg8eW2o06faF9jiuwN5mg6VaSnont3nzVx+JtjE9QkZmYbmlyrykcxg+BfZQ9QYsV8HOJ14Ow5iOpljnvqcDEs6tObkpyEuZB0JJTt2gJY74W1PC6KlPPqQuWbXmCgdSFLAGnfUQdvhHws7ixnDNDSMiKjUMpC72UC5lP5GKbzkDMfaUt6zZ+IUcP8ZpXEnFSpyVIkJxyYkqG2mYeQi7heJUHXcuoUAhxA/mNtATpD1hzDEop4FuYbnpSYsjMAFJCgNDtoRsevQwRMNcCmuFWN+Jjs0EOztQqxSVoTYJZSjMhKT2KVpPtDA5SJalYqmmZdHKFRl1PFF9CttQCla9SHEi/ZA7RXqaQTtHHA/wDEwPUdYNRcWzkD+kTIw6iRfLDjQQlW2mkOkg5+x3AXuYW0/wAbQufdPX1/OHiiLaxdSHm1E/PSbhYeTaxuD4VDyI/WG51tyVcUxMJJKdEr7wDSWrPEU2qloGZK2sc4fTJgJnEqdy6pCFA39CIY3cTy0y9nZSp3XTSGR6i51c1jKVHcdDCmlryOcpxkJWOhG/pGgruUrx3iJ6rQ+G/pHL5uZqDmVKFJB+wiU4Qwsuq1JhhH0BV3HT+X5mGumST8+tKENE3NgALk+QEHTBmF2qJT286CJpYBXf8Ah/ywfok9d93gRR1PVjRVbifcewjvTqc1Iy7bLYshAyiHWWNtjtGiGACNNIVIZFh3jRuwPE+cVI7ObG7mLZS6zoshUOaJB9SBywpRO9oZ2kZdriHOTqj8moFKr26GF1qt3Wa7Q2VDi/IHyIrXJzDjQQtpSSOpitGP+LFUxhjoYUwrOmUkmHC2/ONac1Q+pRV/ILH189osJxGxw7KcOMSTDaOXMM094ocSbFKimwP4xQynYjYwlQ3UOvcqtTyA6+LasNq1Sg9iQQSPTtC23UPp6i5GCTgf3n3T8I9C6frmfWlvUCjABHn7j7Qm17Bs21i6WZln25+iT7iplLgTYpU0AogHtnSDa+nS0IqLTzNTz00GgAFFKLde5hy4Y4yYnuGHKlZkT00mYeYadsbtqVqTr5L/AOWiWUygiWp920fQmwsIT2WPcBk5mvfTV6e04XEaFYqZwmyHvrmANPKBFjTivO1WccV8s64kHYbRJ8U0ianZtxIzFajoN7wL8d0WqYeZDra0qdtfljUiBfWZRtEtFCs24943K4v0icfcpk1LVKVnyDkSWkBK7fykqFz5bnpAZ4hcRKaioPyvMcamGzZTUy0W1DqLn0Ijpi3Fq3kOs1Smc5A0DltvPy+8BLEVNYnZxbzD0wCr+F5Wf7GLB6bjnIMrZLaTuUAiShWIkTaxlslQ10N7xI6K5KVwJYmm0KPRXUf8tAqkJOaafbU3qkEA69O8E/B0oXHwVKISdANrxHBU5BkkPqj3DEmLdGlqTLjlZcvSG111BWRe0OVVSJZopCsxA2ERh2ZKV2Oh3jqgsZacKIscnGWlBKib2vfaHmkql5vYiIyZIzxzm4O+hhTK0ieYUlTBWbfywxqpU+Yp1GoZPHEnLNNzaCxBHeF6aMOWVBIJIhJhl6YdU22+2SodbawSpbDqphltaUnXoIaVVFZnNReLO8jWE6Sfmm1JBTZWhi8Xwk0t6WrUy5ZXKEsoE20vmT/T/loGPCX4eahiWgvVZMuvLmCWE2sFWPjUSdwLZQBqSew1uHwuwExgSgNy4QBNLALyh1I2/wCdyYM1FqafTurH3HjEWUKb7l2jgHOY6Y/Z+YwVWG97yy/yvFBcZ00GZe06naPoViFgTNCqDVr55dY/+0xSHGdLCJ10ZbXJhVo/dUw+8evn1R+kEMtT3OcEtpKlKOUJAuSYIsnh4SzaG8l8qQL23MSzg3w8lq6jEtTmmuailU9brSCf++IJQfbIo+toWGTTrp7xbYuOD3hS2BjtHiRI0kbBOsaqoala2sD5RMGJZIOqQT3jyYlbAWH2gfAk8yFuUdLaT4feGudkQRbKLdom0zLb6XHaGSdYvcERAqDOBj4kUMgm/wBP4RkPBltfpMZFeJPe3zDelskRuEXJ30hQhq3lG3K131gqZ2cEsk+sQfi7Sp+sUCWpdPlnZl+ZmUDI2m5sATc9hcCCRKyxeVYWAG6idBHaZrMlQ2ypORbwH1q6QNbqFqH3h1GhbVcNwsH/AAr4GMYKk01DEDjcxNnxBgf4bemgP8x/CFfE3irSqNJuspmW+YEkBOYRCOK/GUyku601NgKsQAk7wFsL4MqXE+pOVGfW63Skrst0buG/0p/rCBssdzmatEq09eAMKIzVnDzXFaqzLLdEYny6q7h5QU33BUFXT56xL8L4Jm+E+MKbiFFPp001IHOzT6W18slpQ2skkgi+trp/SDZh7DklQaY3KSEuiWYQNEIG/mT1PmYjWLWeZMIaTcqWrKB5kxbXk8ntMdretOpI03A+Z2n8cftaScqNSbnV1KoLMw8RIvEFSuxCSLAWGhtYbxGG6U7PT5rEzL/LpaZWzKtL/wAQ5ykrWq230JAHrfeCFPtJRKstBFkJGUAdBtDLWAAytCOibARY927vMyEJ5kDwSv8AY+O55KlEInUIUodAbkA/eCFiTDRmmua20V6eJI6QPZ5PKqbLtrKCcpIgyYdqIqFHlVizz6hkKb9Rvft0Mc9I2gMgzniL0vFTtW57cwVqpa2FaNOoPkL3hwoOHJ2tz4S02twp3UU2CfUwWWMGNvzKXplPOCt2k6IH21MSyQpUvKtIS22lsJFglIAA9hGj0vQ24fUtgfA7zI9Q/F2nrzVo13sPPj+Y24MwbKYelw6pYmJ0jVy1gnyT/X8omDDObpCNqXy7CF8uhQNr2jRbEqXZXwJhfzN2tt9XUcmKm2Y7BqOaTlIBOpjaZnGJBhT8w83Lsp+px1YSke5gckxzWq4ndDZjpk1hHTq5T6oCZOdl5xINiph1KwD7GHBXiEUsSDzGNaowypzIpxSbvwzxISLp+VAV/pLiQfwvHzo4s0SsyPEipzk2w+iiT09nan0C7bjKiPpO1wnp5R9N6zIiqYfq0gpAc+ZlXGsh6kpNvxtFS8QU+n0ufouG8QU35uSYdSG0OLzAAkAHTftCbXcgZ+Z9+/4ea1NJp7FAyc8iSykYakMOM0+mSDCWJaVRlCEm/exJOpJ3J7kxLajiWXoMqhpSEqdUALqOg9usJ5Rtt+ZnqpMrDUiwc61q0B3sB56RXHjPxsZp78wuS/ePgnl5tQB2tC5VFa5mwKvrLeBmFqs4+k6chxUs02p9QN3FkD7RAUPt4yWt02cUklKk+cV9pFTx1xXUv9kUWYcSo2+ZUSln2XYCCxwp4M4ywe+5MVLELIacIWqRYbU8EkdcxICTrra4gQ4PfiEPT6S8tzNsTcJ2aqyq7QUFDYiAnjbgM/TWnZtpoyzCLnxaJMWRxRxbkMF1PkzdPXNAfxBwAj2tr94g3ETi5RcW4emWJZSkurRZLa05CIqOQMier3ZGRxK3UbBwnJsMrQnTTPm0MFOk4Jp9Gkw6fE4B7CIDLPvSbyw2SkK/m1BhdL4oqDCFNl1S2v5Cq4H9I8CT2lrqMzjW1qTUXACbCGN9SWVFawU+cPqHv2o7mAuel40doxeOcbdRvDChOOYDquDxOVImWlrShYKCdioWBif0eQDqUqCRby2iEy1C5zqClakFOgB29IJGEaLMy/LCUlzvY3ENFrBHBmZuudThhJTh7CKp11GRu56ZRFo+Dvw/zmJG2JmcSZanJUCpxW67bhP9dvyhh+Hvh6nEVclEvNkMg53NNkjf9B7xd6Sk2pCWbl2G0tNNpCUpSLACDLb/AMkgC/Wf6fzEoq/OWnwo7/eaUulytHkWpSUYRLy7ScqG2xYAekKoyMjOFixyTHaqqAKo4E0mEZ5dxP8AMkj8Ip3juSCZ13TrFxztFW+J1O5FZnUW0S4ofiYaaFuHEqce9TF/ANAfoGOJMkJ50ikjv9LoJ/EREynxKt7Q5cDaoJbF1VkCfBN0x9CR0zCyh+AVDaV21sIK1Awxb5A/t/tO1DDMvwZz0CgY6lAUm46xwcIvfrClgpUjvAYhJ4jfNMeAkbw3ytCdqzziGkghpsurJNrJFhe/qR94d5wpbQSTYdYCPE/ikqjmYkZOYcYubFTZNj69xeOggHBnEre04QQtClU8ABc/JhY3HzKRrGRUp3jliBDq0oqjGUKIH93Y2/8AJGRdtT5hP5LU/E+gbq25dtTjighIGpJ0hofxDLgk5wGx9zFe8R8ena7NqcLoYlgf3bCTsPPuf+CI1P8AGJRQQHST08UKtTqQh2oYHpNATh7R+0slWeIUtJSqkpcAt0BgG8QeMC7Otsu+I30CoF1a4jzc+D+9ISRsIT4coj+IplU1OKLciz43XV7ADX3PlCrduPzH4UIMngRfSpZVfTOVyuPLZokkjmzLyrnTokdyToBFsMC0Vur0punyTSZZASAy0NADpa/r3gIzWEZridw9ncP4dQzJpeLSWW3jlSUpcStZUQDqUpMWO4b0mZw3NtLnkgISQTy1X2h5pNOMb37/ABMb1XWtfmpOF/8AM4TVOcknFS77Rl3WfrQsWO1/tA4dmE1PGMs0AMiXSo2/ygm/3A+8GHFUx+2nH0qambrzDmtgXG+x8hAbwZSHGMWVv5kqU9IJ5BUvQnPlUkkdCQIr1Gn9BSR2mOIcsu6S6ZazJSO0RuppHPNtRaJNU5gSzalgZ+gA6mIQ9UXpycUgISQTuk7CELAkxgBG2q0lpTTjw0UgZvtDxgLF8rRZxluamGmZd0ltSnFAAEgWPlqB6C8Jp6RdmWQi902N0X3gGzGJZKQxI/JTL7nNZdU1k5KzYg2tt+MOulXipsnnHMzvVdC+q9qcbhgy60ljSgPgBFakVH/+Qj+sOSMSUgggVSTJtf8Ax0/1isNAr0ottIKXie/KV/SJdI1qXugZXgL78pX9I2J6jQ3YGZCn8D2KObv6fzD3J1ymvEEVCWt/9ZP9YdWqrIk+Cbl1ejqT+sB6Qnqe6lIAfKjuQw5/+MPDUxKJNgHQPNlf9Ig2pqbtmNafwk1Qx6v9P5hVbqEssgB9onsFiFCHW16ZgRAtZq0oi1+cLf8AyV/0he1XJVIHicA82lD9IqNtZ7ZjBfw44/6n9P5k/apUg28t5Eqwh5asynEIAUo9yRreF2dA0BgcGuyqRo6sDyQr+keGuSmn94HuCIgbFPcmXr+H2T6XH+n8wkhRvfUQPeIXDDDlUln609T7VCWs62624tKcwUCDlBy7+UeIxJIIsDOIHqbRzq9fk5qlzCEzTb106t573HX9YrLoBGWh6XqdLcrVXY5Hb/3BJjBSa1QjSW8QimC5Km0sKduT/pI19YFNM4J4dFZTO1ibmq202LtyrkuENqV3WLnMPIm3e8T9+s0yWnHCvIklZNxoPYGFlOr1KmFGzqQPWM3Zk8Cfa69RZUu1T3iuTrVGp7aZdmTfASLJQlKUpSOml4iONuKUrh5ggsLbCtBZQEO1UyMzLrjYum+4EBPixmnm1KULrOuvSBXyonKlDN7jIXj3GDGIyspSQom4J3iAqUlYAufW20K3pVSFFKrnzIhKpstq0uP0gLdGY9oxOSgUKAJukbQpbaS6M2xjmRzvqJMbsJ5RuLgdxFinHaQYZnRhtUnNJfSjwX8SYfZlYK0PJFkOC/vCOTIdNjr6wpmmnGWUhJu2FX06GHVLgiLLR7hmPFKkw6U5hftpBUwPSSp5sAHcQMqAsEIJPtBm4fvI+YavbQiDqclgIm1iDBMup8OOGBIUl+oLQApQDSD5bq/T7QaibxC+ETbKcDyCmSCFZifXMR+kTSBtc5fUNnxx/pFeiXbSD88zIyMjIAh09P6RXbjRLiWrM2q25zH3F/1ixN/yitHxEVdDFVmwFC9gka9QBB+jOHP6Stu4gioeLRhPF1OqhzKabWpLiUmxKFJKVAeyjEll5vmtgi3ttAfxDUR8shy+yt7wRcOzgepTDgP1ICvuIMscsAPiFEAHePMe3HCQekdJN/dJhAt8FOp2jViYs7vpA4MqY5jbxPrX7EwlNOhYQtZDaSRfU6/pFNcS1B+rziySrJqCoHSLR8d5u+F2GwfEpwqCT1sP94AEnQgtkFxOVxzUjzP4RUWwSY80BCVbj3MgH7LvrkBv3SmMgif2IdVqHU2O2kZHPXPzGfqwMJqVW5oIUrl33TEjkHZhxKQVErO3nEywLworuM5xEtTpFbhUfqKdAO/a3nFqOGnwf0WgKYnsRzCqpNpsv5ZHhZSex6q/AQiWl7TxAdRqqaB7oJuCPw5T2O1NVGrKXJUYG9wPG95J7esWRr/AbDlSo8tTZVt2mMS98plSAVX08VwbwSZSWZkZdDMu0lllsWS2hNkpHYCNyoqVtDmjTioZPeY/V61tScDhYOcL8Jm8GkGnTr2wB5gSoHfsB3MStEhPoH+O2v1Rb9YeiLJv1jS4vrBqkr2ixgH7xoLM/tmR65P94i1Zp65ObesU8+ZW3zFpRYkDa/ewghjVPnELryw5WDc6A6ew/wD3A2qtIqOYFaijGBGmZZaS2oFGcgHU9YhUwyiVcWGk5b7i+g07RLatOIbQbgm+mvSILOTS1TDhvqqMs1pnApndSykXBSBbrApxFQ5hWMJx9C2wy+UuIBFyPCAevcE+8EJbgN8xv+MRzEzeVctMo0IJQfzH6/eOae81vx5l61BiMxfQaTMtIT+9bJtsUn+sEvDuDnaihtfziEDqOUTb/wC6B/QZrOhsntBUwJPDmpbJ0GsaCqxmMY+iskkjhOZlQAmaaWB3Yt//AKh3RSnUjxBsegMO7KQtAPS0dkNndVjDEMwlRrX4jN+z3rDKWx/4T/WPRT5hQ+psjzT/ALw9ZNPKN0S2oPtHd7TwRYxCSmU62aUfQx0Eg+U3yo+xh7VL5Tc2juywki8RLtJbFkfEm/b/AA0H7xFOJlQNHw0vOhLbjma2vQb/AJwTVS4Kxl0ge8cqEmqYMWlFkvoXdtfqlVx6W/IRUzsR3hmmVPVXI8z5u8WeIU4K4sSs8WXELJSUEH7iB1OcZsQ02/8AflBR0GQQ98RMPqlcQTDa2eWsKN9IG8xSHZ3ELEsUFSNFEgX0vCdmbdyZ9PKKtIIEuzwc44NcSKSwxU5RMpWG286kA+B89Vo66bkeZ3Ah8xdhlU+jmBAyKFwLbRW+l0d+kMSjsq4uXfbIKFtnKpJGxvFrMH11WIcJyq51tKZ1tsIesLBRA+oDz39bxcCLBmIbV2HcpgBxHhtEs+4pSbW00iEzTXLJuL9dBB6x7TLJWttI+0CCqUpfMOlheA3TBl9b5HMjC2AoXScp7doxIXm8toXOyhQ5a4sIxDQz2sNukQU84MuJnssUoXcEm2hh7lFImGC0o+FYt7wz8goOb73hdKOlBH6wfS2DA7RunSlT6ZSYUy4fE2opIveCdhPESWH2yFp+8D5qWYmV8zInmfxecPVEnkyyk3CbpO0NkbDAxRqPcMYn0a+GfFzrmC335tZVKF/lS6Ui5uB41emqR6pMG1mtS748JPvFRvhixlOVigzNPdSFSUhl5LgTYpKyolPnrc+8H+UqgbSNT5xO8LbYWbuZnCbKPavaEJM22rYx1CgrYxD5etIAF1e0OMvWG1fxEHzgVqfiSXVuD7xJAdYoZ8RWMefjSpslRyofUkDtYkReVFRTYeIW7x8zuOk+tzH9YWVaKnHDr5qJi/SqVJzCPVWzBEYcQVi1IUonQKGvvBA4bVoTuF5UhVynMg67WUR+VoEWJ1f+zBsLrWnMkee4hXwHxOahIVGTz/vWHkuZf8qhp+KTBLLwZe1mUEsGl7MnSN2XDzARDOxNHlgnfTTtC2RcLi9D6QPkSotGPibTTXf2dJJN1urCEjzUpIERScwg3JOrYJuG9usGVGHnDM0muTZbl6Uw6tBW4oZnV20ShG6rG1yBYfhELxCGZ2qOuSyw6hayLgWse3lAlx28ZjfSs5QHHEhyaIgJAG1u4jImSMPTJQk23HaMgbDQv1DLAYawtS8KSCJOmSiJZlPYeJXmTDxfztHJJtHRStPOG6oEGAJiXdrDuY5M1va/X0jYWBv1jQkjpePCoA7WiyQm7ixe0cTqY3UL6dd42Qi9up7RGeniPogc1ZwzFacA1CSTf3gizahLyzrhFghJVt2EDCVSt2aeU4QVBKQT7Qn6mdtMHs5cCNdeXeWNtFDuYhi0KU4bmxvqL7RJMRzAb2Ft94ha31oU5mJIOlzGT8S1RmePz3KdJsSg6WG8NFWeL0otFiNL6x2mlqUoWH3hG+VWBV7xEMQ2ZMcRbh2ZJABglYWnfl5tpV9DpAgojxYmig9DaCFSZsDIc2xjS0PnBjIcqJYijzKZmVSesOiEm+14hOCakHGkpJ36GJ/LpGW43hypyJQwxOaWirQi0dW2VIuSLiFAaJ/2jryVKTa1xE5WDEaBmUSR94WMNJy7Wj35YC1hHZCQExCSyJz5CQQbdIG/F+aU5LtyDZsUtqdUBtc6J/JX3gmvOCXllzC7IZQLrcWoJSkdSSdBAYxPU/2zU52YCgtvNZsp2KBoCPW1/eKLG2rGmgpZrQ5HAlAOLVYbmH106YlP73LOKQmaQq2ZN9lDuNdb9Ye8C8Dm6zhOjVpoJMzNNqU4F6ahah08gIlePuAE9X8XzE4qqssU550r8LZU6AdxbRPveDJhSTkqNRZOmSzfLYlGktNpJ1sOvqdTCzKluZu77cUhajzA7UeHS6OyyHkgkHoIlFCmxTG0pGwTYjv3id48lm5qlh1sAqSLkRAJKUT+y3H3jqgHS/SDMKvCxGGZuWi2qNM1Rjmp8batiIGWJaQtDpsnwCEc9xL/ALKVTQGZlHFAOshWtv5h5xNVPyWKKU1O05xMzKPA2Wk6gjcHsR1BgVuYYa2rw3gwOT0oBMbXuY6M0RbqgQNPLWJfVMOn5gLCNL9oXyEghhICkgX2MD7Oczm+RVnCS3GFLJIB7wyzMiJVxSToR2gwsyKHGcl7Xgd4vob0nOLIHgOuaLAcHM8MPGaVfLSwQdbbWg/fDzQcBYrmXpDENND1XWrNLFcw4htYtqkJSoeLrre/S0V0KloNj0h1olaepc20824ppxCgoKSdQe4hjRaCcGK9VSxHt7z6a0GiSGHKc3JUuTYkZRA0bYTlF+/mfMw5h5aBoYDnAPjbLcQaYilz7oTXJdI1IAEwgfxD/MOo9/QvrVaDyMd5lmBB907pmHLaqI9IUoqXKP1Q1OPKT10hItSlbExIGV+ZKf28oJPitpFDeOsm4riFVGwLZ5pWXzBsR+Bi4bj607q0itHxCSXJxo3NJF+dLIVe38QKkn8AItU+6WAYBxArjZ9LFNbaSR4QBYdBEL4I1Q0bihUKao5UTMupaB/NYpUPwJiQ4jzuy6y6rxKJ0vA/VMjDWMaBX/obYeEvMqOwbX4bk+WY/hF6gHI+ZwsduJcOWdC0Aw70p274ERmkzHNZSb3BGhh8pzhRMJt30vC0d5IHiL8e19uh1IztTfbShiXTKUxoozBpAH7xxIt9SlXur17wpwTT2Mc0qSnqegrbN3lu5MtwDlzG/mI14q8P0Y1VSp3MuWXJywWzmTdEwCAVJPuLXETXhxVk0vh1d6TEpPza8jiQmyUhBI8I7bkesJq1JsZn7ifTrmqOgqFfcgTX5ZtHhO402jITqmSVE5hvGRfvMS+gPmEtCiY3udLxqAEjTSPFKN7e0PJgJuCSeka3trHmoEeKV3j2Z6b3N776R0auFDXSOYXYdvSOjarm/WIyWJwrToapb6u6Cn76QMG3lNuTatgV5faCFiyZEtRXT1UQkfe/6GBehxSZF55VstivUxm+rPnakG/6kjGJpoKdtfN2EMBbU5LleUA9dY7uzpqcw44VeEdekeScwgKU2AXVOeEXGntGeHwYQBGd4Aq219YSzig2LdR57QuqLa2KmuXsAE2A8yRf/npHNmkLqTxbaLKVEgBcw+2wi/bMtQH4x3aScCWIj2sFrGT8CMrauXOJc2Cu/eJzRnUqSi8QjEE/QsLzPKrFdkZRSLFSZdZm1J9mcw+5EKqTxt4fUotlurCePeZlZhsX/wBKUm3/AJofaaqwJyDNXouhdQ1Awayo+Tx/MO2DaiWXkpv1gy0p4Oy4X5a9I+ete+JuoTmJVy9Nm2KfSUOAIelEJQSm48RWPFp20PeIPj34xcdzT8zSHKkiYkbFtUvMNAqTcWKVLSQVEa+KHagomWM0g/Bd3pi225QCfvPppVuJeEMOKKKrialSK0i5S9OICh7XvCWX424CmacudbxRT0MoBVZ5zlqUnulKrEg9CI+P1Mxm9PzWRaCf4ysrKsiRqTqTfQHeEsxWpnE0zOTJtzVOAJT0SO35Rz1qj2b+kf1fgjpxrBNzMx+MCfTTF/xyYIoCnWZCQnKu6DlacbcShtel79SB2PXygHYh+OjG2MZ96Sw4xKYdpw0XMJaS8+PIKVcA+doqS7MCVp6ngvOlBLbau5t4le5NvaHaltOs0JqVYJE5UHESzZ/zuKCR+cEoyE9psdF+Fej6M+p6WcDJzz2ln+H9bxTxjqctVqnVp7+zEm/ZsuvqW9VHUHUrWdmUm9kiwJ6aQfHneVLBKTa0R6jYdk8I0ulUaSbDcrIy6WUADcJFrnzO8LqhNAJ8OnlCG64u32nznX3LqLSyKFXwB4Eap6X5pJJ3iPzeaScK2z4099jEh+YABzG6TpDHWEBRKk2tA2Ytx8xgrOIv7qs5r6eJN7QKq7j9LLLzYVbKCSm42iR4wnG5dbhzZb7+cAXFfMZdeUhSnUrOikLt63EWByBjMilY3ZxGTFFQE45nQsnMdiY8wRxBqWCqgVyqw7LOEB+WUfA4B+R7H8xpERqE4tT5A0SNrQlbnsoAAHcWiKkg5jP1FA2NLg4ZxLScYyInJN8ZhbPLuEBbZ7EfrCudDIWlNwVdhFTKXimYo77cxLPKYdRqCk6wb+FnEWWr8w27iGZlZFHOSwytTgRzXCCQCD7bdTsOtwy0X2UjllMLlKpLrykFdwNwmFtXwnLzTBLovpqYlEhTkJZStOgO3pCSurLbC0DTTePHA4i5ScyvGMKPL0ydKGjv2iLrdudLgDziWY2bUZ1SyCoE6+QiHvIN766dTFaNg8w2xcgGSfB2KZ3DtYlZ6TfVLzMu4l1txG4UDp/v6mPoRwz4gSXEPC0tVGFpS+RkmWQf8Jwbj0O48jHzRYmC2u6RtBg4F8XnuH2ImluOKXTZmzc0ynW6eih5pvfz1EPKLPUXaZl9ZR/ziX2Ub6g6QncVba0cJCfbqMi1MsLDjLqeYhxOqVpOxB7Rjrl+wgnESkYnN9xQB2gRcYMJz+IUSr0nKLmXsy0lKNwDa17+/wB4Kz6gU6i8I1WbbCU9NI7jnM6HxKjTXAHFtRmVqdal5Jom+Z98Ej2Rmhnf4HMJW9I1g/OsnwqQkFKVa7336dxFwJtvmXvrEeqeGBVkqKUpCkDMpZsAAO5MdLv2EqBGcmCmkyQkmkNIFkIASB2AESSiyjk5UJdhpOZ51xLaE91KNgPckQvplAkJ9h6Z/a8k1Kt3usug3IJFh0vdJ0JG0J6VxGpWGajMVCj0ZysP0xaFoMw4CMwIOYpTtsbC573j1dTBwzTruCu1YbuNkslc7SMPya0pEjKtsMhzSxIA3HcBPTpA8cl56mJTITZGdkZfCdL9bd49qHENOOZ9mtMK0dWVaHUC+nvaw9odcSVlied54KQpep8ozrsC5J7z6LRmuhK/AEZwybb/AIiMhGZ1JO8ZHd4+ZfDAhfaPRubxwG+sbBenSNFPmU73jRSxe0aBeW+v2MaAjOCTHMTkUBRHSPUrIULgxzS5/wAEdATcREzsjfEKYCKWym+pWT62Sf6wP3JRyekky7aiApvKo7XHWJPxUqCZWXlkL2CVrNvYfrAhrPHeg0GWcCGn3X2025VkpsbdTc/gIyfVCWuUCDZGWJjVxBxPSOH9QkpKozCWlTaSW2m21LKUDS6gAdL/AK9oaEcQaEHE8ipyrilC6UNvJKyPIbwA8W4jqnELF8zVptKlzMyoIZaQDZtAJCUJHv8AcnvD5Kyslgp5D61JXWHWvqIuGxe9h539Pysvq01t9gRP3mg6D0jV9ev9HTrx5PgCFPFuL5OoTsoHzy2m/EGQbLcV0zWNwOw31MCd7itP1GbqVMnrB9tLi5QteAGyb5bbna43O8Rx2uKmay2XnCpSlgqJVqYgtTrRlMXNvKUUct8Zj3Tm1/C4jV16WrR1gnkz9IaD8OaDoFKmsbnJ5Y9/2+IoxpX33kNMuOELBzE7XJhslHS5JKWVEBIvfuY58RyWMSvtWy5CkWBv0Ec6S8hUoW13ynXeK7rj6nfiVWWb9WyfEyQ5s7NC6iEX8R6AQzV2ot1fFlQeSfA68tYPqbwsrVaEuyZZgctA0JTuYhUs6pM+SDqo7mArHJyMxTrb1pC1jk55k8dmWqTS3OTYOupKSvrY7wmwxNKAcTc2c09YbKnMEtNoJO20O2E2h840SPCk5j521gVHJIEbU2l9TWqcASQ4iAl25aTSfC0lts22ufEr8VGJ9ggNLx/gGWdsGDV5cqHobj8bQPK3d98uKvq8k/lDxWKq5QmaRVmL82QnWZgEH+U3h3XwXx8TS6lf/j6kL/2z6NVlVpgq6iGGan203vqTHdjEDGIaLJVOWWFszbKH0KHUKF4aHlXBUR7QjJzPhJGOJxmKgSrwi0N8/O5WiSoWEY/MoC9bjW2kMdfmwJdQvrbpHZQTB3juZEzzLG9t4CGJUKbWpSVqRbXQwTMYVf5Yq03O8B2vVgzTxsBa526xWzYPENpQmRKoLfJUd/M6mGu7pVt72h2mCXCSRYnpCR0cvXYDpF6tL2qHeJ8hb8Tir22EIJyrLcdQhKzkb0Sm+kbVKdyIOviOkMYVmWOsEJnMBdxWeJfH4VuLRxhh9WHai6ldUpzYLC1HxPMDTXupOg9LecGOpyfNQoaH1j5x8PMZzuA8VUusyKjz5RwLLfRxJ0Wg+Skkj3j6RUypSuJaDI1WSc5srNsofbUOqVAEX89fvFti5AYQDUIFbcPMDuNKEkuKXl06wOKhT0htQAsR3g+YqpgdSdDeBVWqby3VaWF+ggYicU5EGrjgaUQeh1MeszxQ4FIuDvG9clwh8rSrXqIZRMFK7lXqN4vps2nvIW1bhxDRg/i5iSgUpbNJrE7JKZSVIl2JhSEOW1IIGhgz8FvixaxXU5bDmJmHE1J1YaYn2W8wWo7JWlI0/wBQ9+pio1KnjLvpNgLaja0Sumzc1Q6qMRUlY+dSU8zMRZAuBfXS1oeU2q31QdK0vX8vYP0M+irwWglK0lKhuCISuhTiSE7na0B3hn8UNJrsrLSGL6tR5dxNmkzDKsriLCwBP0q9Ljygg434n0/B0i29TuVOMvIzMzzas6HR3SRt6bjrBSpuODEfUemXaHnGV+f7x8ekvlGy5POolmxr4j4j7dPeIRjfiBTZWkTLFNWFOBJuSq6joYrPxW+JKpOZ223Avc2Crd9YgPC7iLNYgqsw1MvZnJjwpBN9f+EQUqKAdoiAq31NNMbcfKxgqRxBTpQgNTCSmXW8gK5RUvU2PcE2PnAWo3xG44oIm1ydbcQp4jmcxCVZ0i/hvbbWF/HuosqxS9TGXucmUHLfcSLBTm5A9NvUGBezhOtzMs3NS1In5mTeJS081LLWhZvawIFjtAlt7DjHEc0UKF7S4/wo/EFOYrrs5QasGs5aM0ytoFI+oBQNz3UD7mLLTlZIdKSvQecfLbAmKKhwsxzJzz0u/KuMnlzMs8hSFlpf1CxsdrEegi69P4qMVeQZm0vh9OW4cGmYRl9btDBgO812gYupU+IahVdPrH3jIEqeIkiUg/MWuNu0ZAOYx9N/iXcC7xre0apOselWvlGyny3E2CjYG97R4VE2/ONb6R4VWB8o5PTpziCNtIUMuFephAbixhRLPBSbARWTJYg34uqVMvhpBsoMgi/XxH+kVDxhhyZFbmCEFzmLB8PQ2AttFseJD5crE0D/AN2lKd/8t/1iv2N6m3RlvFK7zTwyHLe7Yte/rp+MZjUK1+pNSw/pPSLus6xdPSO55PwPmQxT7OFaS6zmSuZWq6tNEG2228DfGdZUmdkporJLjeVRAAGhPb1hZXKsX3XCFlV9yesRKsvir0hTO7zN1Iudbb2EaGulNJVtXvP1poemafomiGn0o5A/cxNUakUPJeQbG9xDLjIh6ZlpxNgl1IzA9+sIWah8yyUqPiSLa940emTU6QtlSv3rOqfOEralrCVaK9VqxqamA88j9RO2MplT9XQ6tWZTjTSiT1uhJhMJwsyxymxtHHED3zLdOdB1VLtg37pGX9IQvO2ZOvSKLHJxM01hW5nnGbf5p3uYQS//AG1A7KEY48fFbpHlNGacRfvEBEt1m9wPvHWfcKphI7RJKMr5doWFlKsIi0wrNPAecSOXXlU2ntFXI5mi0L4vL/Ek1VGeVWRvlCx7GF07L/tjDT7I1WW7i3fpDfzAttnN9K0FB0hbRnS20phR1ScsOqrAWGfIn0BQtjNWezjELvw08bELw7K4aqLllyxyNLUfpHQG8WLbnkvJvuk+cfOypIfwliIzkoVNNOqK0lJ2PUfjFmeD3GZirMNyc66Ev6ZQfyEKb0NTn4nwzW6Z9Pc9TDkGFqtzJl1ZvOINiHEQQytII2O5h9xfVUoaK0KBTa4N4CWJMQKW4tCbW1trFRfiLUTd3jJiiqGYmHMyiCb2F4gk2CFq1+8PU8TMrsc1ibaiGqYkSm5v4RveKhkmMkAEZHxmN9zDVOKyBWpAh4nAG0nsO5iLVOaLylIb0HUwZWJ12wI0Tj5ddI3SOsayjRW5e0dkyhUrbTp5x1KeSpLY+omDAQsWClmO5p0W4GVAgkERcv4OOICq1g+dwzMulczTnC9LhRueSs3P2WT/AOaKWTi7uBsW1OtoJPATGX9hOIVMqbjhRJqUWJmwvmaVofsbH2i1PcpU+Z7UJ6nsXxL41uXUpJ633MDzElNGRRT03vBUqCBMNJWkhSVC4UOsQqtyIW2pAAPrAxilDg8yveKZV1ucuE+Ek384jk7LKZdJSq4PvBcxJQ0uIWSnLa/XeBxPSXKKkm2Uba7xTnYYwUhlxGiXmFt2v4h0iS0WsJaUErSlxtei0uC4WOoMRZ5JaUoAgjpePGJrlqCgdfwg6q7wYHbT5WKcXUZGGn25yWQZiVfWSlbpOVvqEAAg3GupPTrBe4M8W3q1SVYarkjN1WhzKsqkycitSmDsHEOISopUBfdJ7HeIFTZ6VqckqRnEJdZWNlalKrWCh2O/3gb4optSw7NqYemXFAWU24lfhUk9Rr6/aGy3kDB7RzotQmorNNwyf/Ml3xG8L65w7qqHip2o4enbrkqiWynMLXyOgj924AdUnXqNCIGGB8UP0Sph5C/G2CoJPU20BgiYI4pVHkIw7iGZdrOEZtQbmqbNqLraEnTmN3vkWm9wU226jSBzxOwQ7w3xe5Ipe+apr6BNSE6n6ZmXUfCu/foR0IMGpduGc5ma6n0tdP76h7D/AEkUxHU36hOTC3nSXVqUpSj/ADEkk/eL54YZZoFEp8gwE/KS7CGm0gWskAAf884+e04surc8wRF1MKYslqpw3oVQlVktGVQyq5uUrQMigfMFJEAXHev7xWh2sJAfi0wpL1GnyeJZVFpyUIYmLfxsk6X80qO/ZRgOYFxzM0tgShdOQCyQbWAg84rmG8TUqZp75ztTDam1eVwddYqatDshNqacGR9tRSoDoQbGFjVbl2NGtV7VOHWGn+3Cz/3yvvGQLkYgOUXBvbvGQJ+VMdf4kJ90UuBXWNh1tCdKwNb36RtnJNukabM+b4nYk2jlclRGsbhdk2jmXRnA31jx7TomONqW4ki9vWFUsgN3B0HSE6L5gb2Ec6rW5WhU1+dm3UtsMpKjc79h6nYRWQDJorOwRBkmBfi9iNqgTVQmlqzPKd5bbZO5sBf0G8VMxXiFybKlFy6yslSupPffzMS/i/xDcxLiSbfdSW7qUUp2CQSSANfTWAvV6jzUrTmvY3iNVC0FrW7mfp/8JdBToWhD2j/Nfk/2iSsz2vMubEanvEbmaqWHUrSRYH7x0nKgjKpKjdChl9Ii87MFp1bK1XvsqE2q1BsbiMOoa8ocrOmIVCnVQTLGkvMDOANgeo+8J1TPy5beR9CxqI4OzgnKe5KOG60eNsn8oal1FQl2kk+FJynygH6+ZiL9SqWFgeDyPsfMf6g+l6RlVp0y3T+JhqdfzC140l3ypp9tWoSoKB9YTrV4jrHgPBgduo3gMJ4SVrNjC+loHzSQYQNGxMONKAL9yYke0EqO6wGdm08ypAHvD0w4Vvq7CGVohM2tfUXtDrTzZoq3Jiox/pWwxHyZInJjlyrKj9IML2XvGh5OlxZXpDC84TTT5G8LaNNc6XAJ1EW1uQRmbSjUZsC/aPtSk2atIqZdF0qFwodDbQiIk25NYXnRclKkm6VpGiok7LmQZSfDHGcyOtqQsJcQf4VCGVgW5OZX1fpadQUXKdtg8/P6yQOcZpioUX5eYOZ4DKF99IiisTOzazmcB9toYahT5RFyhbjHobiEUu8xLm6pgm3+X/eFHpBOMz5tbor6G2so/wBZPKetb5zLcShO2scqpOJQlaG0g2GqkkgRGP7XNSyOW0gun/Nt9oZp+vTVQJzryoJvlToI8E54nBSq82GKp+bMw4oFd09AIQFrnOBIFvSOTZU4oH8TD3S5ZK13P0pF1KgkcSVVIufaoje+0mQZK128oZmHStbswskJTtCivVIVGfLTV+Uk5U2hFO6BqTa1JIB9bxIQLVOocqnZf6meyyS6pT6t1mw9IkNOliCkDS+8Jpenn5tphIuEAAxJHZYSFPdeVoQLCO7jnI8RloNATlmHbvLm8AcaDGPDqUacdS5OU7+5v2UCbJ+gkdLpt9jEqq0uCpVtAIqL8KON3cPY/ekXnCJGqIDS7mwS4kkoUfuU/wDii5E60l1CjqYkxzz8zIa2r0riQOD2g5rkoVlRtvA0r9KcLhUkA9yBaDLVpUqSdLeXeITWaeCFH7iKyMyhGghqEnkJBy27EbwzON5STy9AL3ibVaRDbhuAT5xEqinKq1iTfoP6xBTgy7ORicZaZLCwoEi2sSCaTK4wpBp80Eh5F1y7izbKvsSOh0v6RD1Eo2vvbQGMYqKpZzMFEEG4vrBq2cYMoKMp3pwRI7U6RM0SddbUhxEy2q9mgcyRfpbaJnMYzRxFwjL4UxRI8x6XCv2XVkJ5czLukaJWbWcbUbBVxcXvfSHKpMjHVH+WS+qWnUeJCkqyBy3RX6RCpGWXT2XJOaHyUw2S4h3lquTb6Va2GuxNoLqbaceI5q1Q1FZFi8eRA06FtrPMSQoaFJ6GDLwAxs03Kz+EprN/flmYlF5tA4Ei6fK4TfzsR1iK8Y6aymsydclAlMvVmea4hAslEwmyXAPXRXuYgcpNuyUy1My7qmX2lBaFoNilQNwRFmccHsZjtRT6VhUeO0suOexOvNrWdTYpOljAV4rUv5HFK5hKMrc2hLl7W8QGVX5A+8ESjYvRimSYqJQlh8Eh9ptV/ENz6HQ+8R/i9JidoshUvFnbfLRB/lUL/mgfeItIq2YKbmMjzljsftGRCezPvKk3V36x2vl3v7RxR319jHW4g4HMQzwva6C8bpF7HW/Yx4bHTrHoI7x2eE3uRrsO8Vf+I7i43OOqpFPdCpWWVZbiVj944P03H3gm8dOKMvg+gPyEpNITUnm1BRSbqZSRuR0J9usUSxZiEzSCsKVcrvmUdT+n2i1APqM+xfgf8P8AqN/ieqHA+n+/9o3YtqyhMJdzKuu5NzEWmJ0TDC1JV+8Ijri6oZaSw8FZlFVt9hESM6ptAUkkpP4Ql1upbdhe0+q67XenYavESzk4UqUhVwoHaG+Ye+aaKSfGnYx1qryZlJcH1d4ZVPKRre8KAM8zAazUFWIPImhmyh4E/UmPKigcha07LFxCacVmPMR7x78yldNyqOoJAgjHYzLvduLI37RRR3y6Fi+pRHV06+kIsPH967sRlMKXVG/vHG4aT07ltOCZ0bOh84d6Q1ZRJ3tDSwATftD5ShfMfKIMcCMtIu5wTEcw5y3FgdTDtKryy6B1MMs4Qp837w6Sx/dIEVntGdL4uMe0HNIuC8caLNlolJOxjZlX7lQ7iGtLhl5sjziAjtrjXssEmrb2ZvNe8clulRtrbyhNITAUga9I6LVZR0uIJWw4mnF3qVg5jZVG0ui2YX7GIxNMllRHTyMSmpoSWSogmItMOJKzESczHdTADZMT5Nb3j02AvGingDa147S0qqZN1XCe0d+8zeAxwO87ySC8vuB1hTVakJKUUy2RmUNSIwuJkmDawNojb7y5yYOvpHR7jL7bPydXH1GKKYyVLcfUNE6j1hXhmV/aFdzkZkousn02/G0ZMI+UkEoGhOph3wPK5Gpp4jVVkAj7n9IlnOcSrSaXfdVU3zkx5o1P5s66sjrYRzxpMhhtEuk+tokVJlwww48oWtcwPcUT3zVRcN7gaRMjbWB5M3esVdDoCR3aOOGZhdOpU9PNLU26iwQtJspJve4PQ6CLz8IcfI4l8PaZWrj5paOVNJH8LydF6eeh9CIok8v5TBKraF1RJ8+kFv4OcefsnET+G5lwCTqgzMhX8MwkaAf6kg+4TEhyuPifO+rIPTqQd8ZlrqhLg3vvEQrEoLnTWJzPNkjQXiN1CWuDpaw37xCZMHHMGFapwWT4dYH9blSgr2Ch5wWquxdR6AfjA7xHLZXFkX03JEVHgwoHMg+QnTr1hrnbpcJAtr3tD89c6bEQ0zzKUg2APtv5iJFuIQoxOFOqLsu5zAoCxuLm8S2fScaU9Aad5VVbTZKr+F9I1sRb6ux67HpEEd/dKIJF+4O8LZCqrk3hlURl6d4vru28St0IO5e8Ws0iRr1AqlDrRak3W2Fuykw74FtTAF0nLa9jqCOyoALiVNrUFDKpJsRe8Wafk5HHTSeasMVNtJCXLgF7Q2SrTe+x/CAnj/AK8ET7aFzzM03MJK0aKS4LGxStJGihp1tqIPyW5g+sKXIHQcjvGrDWKZrDhe+XyrbeA5jaxobXt+ZhXWMdTdYpq5FxhlDBsbgEqBBB01sNu0RuxTofWPEk5jrp2jhOe8SADvN84MZGtoyPZPzJT70ITfuI7BBToR9hGyVs7FY943vL31e19IOyIixOSU2GxMDXjTxQlsD0ZcpLzIbrEwk8sAXLSP4lkem3mYKSENAn97YdLiK+/EXwKdxP8xiDDLxcreSz8kraYSP5SdleV7G/Qx1NpPJmh6DVo7tfWmubCf7+M/aVMxniqYnZx5x90uuuElaj/Ge9+t4g1QnfmWFIVoRteFNaemGZt2XmmXJd9lRQtpxNlIUNwQesRuoP8gEg5r6GK9TbtUgT9NNctFW1PoxxiJaioTdHmUKtdvVMRSUmgEqbX6Q6O1HJzGybpVpEaccKJhWul4zZO7gzD9R1IZ1sH6TepAsk5blBhqU6QDrpDnPO8yWFjtDOtaVjexiSDiZXWv7sgzm4Sq9oSqJyKT7woUbC/wCUJsxBPnBCzOXHmL8OLtMqHcGFbyrH3hDQwUzwvsQYXTGjih5xXZ9WYy0n/wBbH3iiUAUbd4kEgjI0e9oZJBGl4fEK5MopR3Igd5pNAvG4xjnFFU0QD1hzkzdIuYZ0qLj2Y73vDow5kygneOntiV0tm0tHxhXg8oaaiS3MZh94XsuXR/SG+q6JCorHeO7mzTHemTl0J1v5Q6Kf5hJGukRuirzJuVaDpDo9VWpdlQJF4ieDGOi1H+VljxE1WqH7spBsdojLrl13v1jvNTBmCpQOh1hNLsKfdAGsXqPmZnXalr34iiUl+cvaHQqRLNmwse0bNtJlGgo72hpnZ0uEm9gI8eTxJIq6dNz95wqE4pwlN9zGUuVC3hfQDWEjaVPu699Ifae3yx7RYfaIsTOpuDHsJxqYC1ZfyiXYXkctOZSBYrNzEa+XMxOJSBBFpEp8nJtKItlTYesToT1GxNl0nTG3VF/gTStTKZCnqSNNNYFE64XZgk65jE5xlPksKF9zrEBQcz6b947ad1nHYSv8SakNYtK9hHvED4RhqVaG/WGrClcmaBVZWflHCzNSrqHml/yqSQR+IjMQTWaWaave20MzDmRUSr7ZmI6jeG1C48ACfTjCWJZfGeFKZWpXRmdYS8Ek3KSR4knzBuPaOdVazNnIQLQBvgvxz8/Q6xhZ9f7yRd+clsx1LThstIHYLAP/AI4sLOItmBA1jzrtMzbY3HEgNTlznWTY+UQbEssClQIsDpcDaCVU5QhxR7xD8QSWZCiSO8VMMy8GCudl8twLW32GsMdTl1pSFFQCPWJZUWMqyUgpPeI9PoJTlF7DqdveKyIUreZGXUAXCiNITnIjUXI84XvtKvqLXNrQleaUNrkjUxUDCeTO8jPmWcSULGh3F4csTUJviHTGylzk1VgENrP0vD+RXY6CyvK3XRj+lIOyiDC2m1ByVdCk2Hexgym3BwYFdVuHtgoqVEdkHXW3ZZ6VcaUULTMaG46Da8M+XLFhMRYakuJEmFoPJq8u3ZpzRIf7IWfbQ9PSArPYXqMtNzCXZR6X5RUFJUhRykbjQfjtDLGe0QspBwRGa47RkbZLfxH7RkRxOT7lJ5h3cVt1Md0tPHxJcP4QnaP7r3MOEt9A9BF+0RXicluvNIHj1OgBtvHjs2llglarrO5j2c1eR6QyVdRCFancQJccHEZ6RBjce8DHHThZQuIyXJtSPkawlNkT7KRmPYLH8Y/EdDFIOIGDqtgmdVLVFkBBUQ3MIN0OgdR2PkbGL/YnUrOdTt3gDcZmG38N1MONpcAYcUAtIOoSbGBGcuNrTb9O6lfRijOVPg+P0lOH3LE6w1zC/GSDCub0WqG98+KBwOcRhqXJE9ces2QesN5V1ju/9McFdfWLBEN7FuDPN99YIXAzgTXuPONmqFRAlllADs7Pu/4cozexWe5OyU9T21IHZ+oR9H/+mJKMI4aYomUstiYcquRboSM6khpNgTuQLmw8zBdKg5J8RTqX2ISIOvjF+GOhcH8AYHn8LyGRmRccp8/NZbuTBWnOl11Q3OZKx5ZgBoBFOpsWe2+0fXD4xmW3vh1xhzEJXlZQtOYXsoOJsR5x8k5r/FPrF+qUFEfz2l/SbWspdW8GO+F6a5WKpJyLQHNmXUNJJ2BUQLn73gicT+Fr+B6IJ5NQanJZS0t5CgtuAq2sLkHrfUekRrhAArHVDuL/AL87/wChUFP4k1H+ylMFzY1BH/8AU7AldSOhLCNdTrrtJZVVX2bvK9yqLlWl/OJFT8JVmoSCJ+Vpsw/KKJyONouFWNjbvqCIYJfZz1MWQ4f6cNaQRoeSrUf6lRXXWHbBl2p1R0lQsUZyYEGpKcXLuKEu8ENHK4rlkBB7K7H1hBNAusqTcG3URZzg8B+xq8baqqrpJ7+BAiEcfpKXaYp7yGGkPKfUlTiUAKIy7ExbZpAqlgYVp+rG+wUFPHfP8QEMzDrSFISbX6xzU6pRspV46L/x1esc1gZSbawGq5MusdkXAPE7y0stweEad4eJKRblG1OqNhubw81aWZl320tNIbTlBshIA2ENNU/7NbpaJWLsOIx0lS7PUMZ6lUi8opRokQ2tsvz76GJdpyYdXshpBWo+gGsbr1WqJvwQSFYwcuAbNi1/UxdTWGYCZzX6p8FzGqRwNXG05lUSpAdzJuf/AIw4f2aqkujM5TJxoDquXWkfiIuBQkpKkCwtbtEweSBKWsLWhh+SRu5MT09fNOFFQ/1/iVf4AcCKlxXxA64hxMnSpIgTM24m9lHZCU9Vdd9PztZUPhswJhmjpE0zOVOYt9UxMqQPOwby/jeHT4emkM0fEPLQlGasulWUWueW1vHXGE2+7UZtC3nFoQnwpUskDToIZoiaVdiD95RrPxD1D1WrosNajwO5/eUY4+YRksM1pS6WXPkFrKeU4c5aO413tbvf1gQsC746dYPPH7WXnL6+Nv8A9aYAbH+OYQ3qN5IjjTau3VVq9xyfmJ6w6FvpANwIQg+K947VDWZMcIgg4gGpctaxMn/AjGhwLxTolRcc5Um68JSZUTYBpzwkn0Nlf+GPoVNAL63uI+WTps255JMfUCkqK6PTiolRLCLk9fCIts5UQHEQVWXCr2ve294hVbbKysX0tvE9qH+Er0MQasdPWBT2lyyBVdg5jcDrtESqjJWrKSAogka7ROKr9bkRSpjQesQ8QpJEH0KRck2J0JB9OkIlElBN8p2hynNJg203hM8kApsAPaBTDxGx5sqSTHIBSTpa2xMKXOvoITujb1ixJ0nMWyFRXKOoUheUixB10MTll6UxhJGXfCW54tkJXfKFj+VR087EwN5UXcT6xJqMtSXjYkeIbGGlNhziK9VUpG4d4L6lwzrsrUZplMhMZW3VoGVskWBI08oyLMMPOclvxq+kdfKMgrEU5M//2Q==","sdfksd;sdfsd","d","dasdasd","totoy","dasda","2022-01-07","30","Married","Male","Purok 7","Yes","Unidentified","092342342342","loloko@lolo.com","tambay","sdasdasd","1","");

