# ABMS : MySQL database backup
#
# Generated: Monday 31. January 2022
# Hostname: localhost:3306
# Database: website
# --------------------------------------------------------


#
# Delete any existing table `bis`
#

DROP TABLE IF EXISTS `bis`;


#
# Table structure of table `bis`
#



CREATE TABLE `bis` (
  `ID` varchar(10) NOT NULL,
  `username` varchar(10) NOT NULL,
  `password` varchar(10) NOT NULL,
  PRIMARY KEY (`ID`)
) ENGINE=InnoDB DEFAULT CHARSET=utf8mb4;

INSERT INTO bis VALUES("1","admin","admin");



#
# Delete any existing table `tbl_support`
#

DROP TABLE IF EXISTS `tbl_support`;


#
# Table structure of table `tbl_support`
#



CREATE TABLE `tbl_support` (
  `id` int(11) NOT NULL AUTO_INCREMENT,
  `name` varchar(50) DEFAULT NULL,
  `email` varchar(60) DEFAULT NULL,
  `number` varchar(20) DEFAULT NULL,
  `subject` varchar(100) DEFAULT NULL,
  `message` text DEFAULT NULL,
  `date` timestamp NULL DEFAULT current_timestamp(),
  PRIMARY KEY (`id`)
) ENGINE=InnoDB AUTO_INCREMENT=6 DEFAULT CHARSET=utf8mb4;

INSERT INTO tbl_support VALUES("4","adadsasdasdasdasad","loloko@lolo.com","092342342342","asdasda","asdasdasdasda","2022-01-29 16:55:01");
INSERT INTO tbl_support VALUES("5","Thelma Orencia Agudo","asdasdasdad@gmail.comcom","092342342342","asdasda","tatae","2022-01-29 19:38:16");



#
# Delete any existing table `tbl_users`
#

DROP TABLE IF EXISTS `tbl_users`;


#
# Table structure of table `tbl_users`
#



CREATE TABLE `tbl_users` (
  `id` int(11) NOT NULL AUTO_INCREMENT,
  `username` varchar(50) DEFAULT NULL,
  `password` varchar(100) DEFAULT NULL,
  `user_type` varchar(20) DEFAULT NULL,
  `avatar` text DEFAULT NULL,
  `created_at` timestamp NOT NULL DEFAULT current_timestamp(),
  PRIMARY KEY (`id`)
) ENGINE=InnoDB AUTO_INCREMENT=13 DEFAULT CHARSET=utf8mb4;

INSERT INTO tbl_users VALUES("11","admin","d033e22ae348aeb5660fc2140aec35850c4da997","administrator","29012022041329bn.jpg","2021-05-03 10:33:03");
INSERT INTO tbl_users VALUES("12","arjay","9770e6a801b6c326724dc84aabc54a12c5209df4","staff","","2022-01-29 11:31:18");



#
# Delete any existing table `tblblotter`
#

DROP TABLE IF EXISTS `tblblotter`;


#
# Table structure of table `tblblotter`
#



CREATE TABLE `tblblotter` (
  `id` int(11) NOT NULL AUTO_INCREMENT,
  `complainant` varchar(100) DEFAULT NULL,
  `respondent` varchar(100) DEFAULT NULL,
  `victim` varchar(100) DEFAULT NULL,
  `type` varchar(100) DEFAULT NULL,
  `location` varchar(100) DEFAULT NULL,
  `date` date DEFAULT NULL,
  `time` time DEFAULT NULL,
  `details` varchar(10000) DEFAULT NULL,
  `status` varchar(50) DEFAULT NULL,
  PRIMARY KEY (`id`)
) ENGINE=InnoDB AUTO_INCREMENT=28 DEFAULT CHARSET=latin1;

INSERT INTO tblblotter VALUES("27","totoy","natoy","utoy","Amicable","dito","2022-01-29","09:38:00","nambugbug","Scheduled");



#
# Delete any existing table `tblbrgy_info`
#

DROP TABLE IF EXISTS `tblbrgy_info`;


#
# Table structure of table `tblbrgy_info`
#



CREATE TABLE `tblbrgy_info` (
  `id` int(11) NOT NULL AUTO_INCREMENT,
  `province` varchar(100) DEFAULT NULL,
  `town` varchar(100) DEFAULT NULL,
  `brgy_name` varchar(50) DEFAULT NULL,
  `number` varchar(50) DEFAULT NULL,
  `text` text DEFAULT NULL,
  `image` varchar(200) DEFAULT NULL,
  `city_logo` varchar(100) DEFAULT NULL,
  `brgy_logo` varchar(100) DEFAULT NULL,
  PRIMARY KEY (`id`)
) ENGINE=InnoDB AUTO_INCREMENT=2 DEFAULT CHARSET=utf8mb4;

INSERT INTO tblbrgy_info VALUES("1","Nueva Ecija","Cabanatuan City","Barangay Campo Tinio","0919-1234567","may ayuda","29012022095143271678071_677703893241216_4447484875401940837_n.png","29012022042347272211151_686347589026781_1649041725538917193_n.png","29012022042347bn.jpg");



#
# Delete any existing table `tblchairmanship`
#

DROP TABLE IF EXISTS `tblchairmanship`;


#
# Table structure of table `tblchairmanship`
#



CREATE TABLE `tblchairmanship` (
  `id` int(11) NOT NULL AUTO_INCREMENT,
  `title` varchar(100) DEFAULT NULL,
  PRIMARY KEY (`id`)
) ENGINE=InnoDB AUTO_INCREMENT=12 DEFAULT CHARSET=utf8mb4;

INSERT INTO tblchairmanship VALUES("2","Presiding Officer");
INSERT INTO tblchairmanship VALUES("3","Committee on Appropriation");
INSERT INTO tblchairmanship VALUES("4","Committee on Peace & Order");
INSERT INTO tblchairmanship VALUES("5","Committee on Health");
INSERT INTO tblchairmanship VALUES("6","Committee on Education");
INSERT INTO tblchairmanship VALUES("7","Committee on Rules");
INSERT INTO tblchairmanship VALUES("8","Committee on Infra");
INSERT INTO tblchairmanship VALUES("9","Committee on Solid Waste");
INSERT INTO tblchairmanship VALUES("10","Committee on Sports");
INSERT INTO tblchairmanship VALUES("11","No Chairmanship");



#
# Delete any existing table `tblofficials`
#

DROP TABLE IF EXISTS `tblofficials`;


#
# Table structure of table `tblofficials`
#



CREATE TABLE `tblofficials` (
  `id` int(11) NOT NULL AUTO_INCREMENT,
  `name` varchar(50) DEFAULT NULL,
  `chairmanship` varchar(50) DEFAULT NULL,
  `position` varchar(50) DEFAULT NULL,
  `termstart` date DEFAULT NULL,
  `termend` date DEFAULT NULL,
  `status` varchar(20) DEFAULT NULL,
  PRIMARY KEY (`id`)
) ENGINE=InnoDB AUTO_INCREMENT=14 DEFAULT CHARSET=utf8mb4;

INSERT INTO tblofficials VALUES("1","Anita Sakay Pascual","2","4","2021-04-29","2021-05-01","Active");
INSERT INTO tblofficials VALUES("4","Ricardo Santiago Escalicas","3","7","2021-04-03","2021-04-24","Active");
INSERT INTO tblofficials VALUES("5","Marcelo Ramos Pacun","4","8","2021-04-03","2021-04-03","Active");
INSERT INTO tblofficials VALUES("6","Estrella Pascual Lucido","5","9","2021-04-03","2021-04-03","Active");
INSERT INTO tblofficials VALUES("7","Rodolfo San Pedro Baldava","6","10","2021-04-03","2021-04-03","Active");
INSERT INTO tblofficials VALUES("8","Isidro Antonio Gayla","7","11","2021-04-03","2021-04-03","Active");
INSERT INTO tblofficials VALUES("9","Joselito Castro Sangel","8","12","2021-04-03","2021-04-03","Active");
INSERT INTO tblofficials VALUES("10","Thelma Orencia Agudo","9","13","2021-04-03","2021-04-03","Active");
INSERT INTO tblofficials VALUES("11","Thelma Orencia Agudo","10","14","2021-04-03","2021-04-03","Active");
INSERT INTO tblofficials VALUES("12","Rosalinda Remiendo Asuncion","11","15","2021-04-03","2021-04-03","Active");



#
# Delete any existing table `tblpayments`
#

DROP TABLE IF EXISTS `tblpayments`;


#
# Table structure of table `tblpayments`
#



CREATE TABLE `tblpayments` (
  `id` int(11) NOT NULL AUTO_INCREMENT,
  `details` varchar(100) DEFAULT NULL,
  `amounts` decimal(10,2) DEFAULT NULL,
  `date` date DEFAULT NULL,
  `user` varchar(50) DEFAULT NULL,
  `name` varchar(50) DEFAULT NULL,
  PRIMARY KEY (`id`)
) ENGINE=InnoDB AUTO_INCREMENT=26 DEFAULT CHARSET=utf8mb4;

INSERT INTO tblpayments VALUES("14","Business Permit Payment","22.00","2022-01-29","admin"," Mafia cut hair");
INSERT INTO tblpayments VALUES("15","Barangay Clearance Payment","30.00","2022-01-29","admin"," Sdfksd;sdfsd D Dasdasd");
INSERT INTO tblpayments VALUES("16","Barangay Clearance Payment","40.00","2022-01-29","admin"," Sdfksd;sdfsd D Dasdasd");
INSERT INTO tblpayments VALUES("17","Barangay Clearance Payment","50.00","2022-01-29","admin"," Arjay L. Delos Pobres");
INSERT INTO tblpayments VALUES("18","Certificate of Indigency Payment","30.00","2022-01-29","admin"," Arjay L. Delos Pobres");
INSERT INTO tblpayments VALUES("19","Barangay Clearance Payment","1.00","2022-01-31","admin"," Norly V. Cayanga");
INSERT INTO tblpayments VALUES("20","Certificate of Indigency Payment","1.00","2022-01-31","admin"," Norly V. Cayanga");
INSERT INTO tblpayments VALUES("21","Barangay Clearance Payment","0.00","2022-01-31","admin"," Norly V. Cayanga");
INSERT INTO tblpayments VALUES("22","Certificate of Indigency Payment","0.00","2022-01-31","admin"," Norly V. Cayanga");
INSERT INTO tblpayments VALUES("23","Barangay Clearance Payment","0.00","2022-01-31","admin"," Norly V. Cayanga");
INSERT INTO tblpayments VALUES("24","Certificate of Indigency Payment","1.00","2022-01-31","admin"," Norly V. Cayanga");
INSERT INTO tblpayments VALUES("25","Business Permit Payment","50.00","2022-01-31","admin"," Mafia cut hair");



#
# Delete any existing table `tblpermit`
#

DROP TABLE IF EXISTS `tblpermit`;


#
# Table structure of table `tblpermit`
#



CREATE TABLE `tblpermit` (
  `id` int(11) NOT NULL AUTO_INCREMENT,
  `name` varchar(80) DEFAULT NULL,
  `owner1` varchar(200) DEFAULT NULL,
  `owner2` varchar(80) DEFAULT NULL,
  `nature` varchar(220) DEFAULT NULL,
  `applied` date DEFAULT NULL,
  PRIMARY KEY (`id`)
) ENGINE=InnoDB AUTO_INCREMENT=7 DEFAULT CHARSET=utf8mb4;

INSERT INTO tblpermit VALUES("6","mafia cut hair","arjay","christian","barber shop","2022-01-29");



#
# Delete any existing table `tblposition`
#

DROP TABLE IF EXISTS `tblposition`;


#
# Table structure of table `tblposition`
#



CREATE TABLE `tblposition` (
  `id` int(11) NOT NULL AUTO_INCREMENT,
  `position` varchar(50) DEFAULT NULL,
  `order` int(11) DEFAULT NULL,
  PRIMARY KEY (`id`)
) ENGINE=InnoDB AUTO_INCREMENT=17 DEFAULT CHARSET=utf8mb4;

INSERT INTO tblposition VALUES("4","Captain","1");
INSERT INTO tblposition VALUES("7","Councilor 1","2");
INSERT INTO tblposition VALUES("8","Councilor 2","3");
INSERT INTO tblposition VALUES("9","Councilor 3","4");
INSERT INTO tblposition VALUES("10","Councilor 4","5");
INSERT INTO tblposition VALUES("11","Councilor 5","6");
INSERT INTO tblposition VALUES("12","Councilor 6","7");
INSERT INTO tblposition VALUES("13","Councilor 7","8");
INSERT INTO tblposition VALUES("14","SK Chairman","9");
INSERT INTO tblposition VALUES("15","Secretary","10");
INSERT INTO tblposition VALUES("16","Treasurer","11");



#
# Delete any existing table `tblprecinct`
#

DROP TABLE IF EXISTS `tblprecinct`;


#
# Table structure of table `tblprecinct`
#



CREATE TABLE `tblprecinct` (
  `id` int(11) NOT NULL AUTO_INCREMENT,
  `precinct` varchar(100) DEFAULT NULL,
  `details` text DEFAULT NULL,
  PRIMARY KEY (`id`)
) ENGINE=InnoDB DEFAULT CHARSET=utf8mb4;




#
# Delete any existing table `tblpurok`
#

DROP TABLE IF EXISTS `tblpurok`;


#
# Table structure of table `tblpurok`
#



CREATE TABLE `tblpurok` (
  `id` int(11) NOT NULL AUTO_INCREMENT,
  `name` varchar(255) DEFAULT NULL,
  `details` text DEFAULT NULL,
  PRIMARY KEY (`id`)
) ENGINE=InnoDB AUTO_INCREMENT=13 DEFAULT CHARSET=utf8mb4;

INSERT INTO tblpurok VALUES("1","Purok 1","Tikang Kanda Babon ngadto liwat kanda Babon");
INSERT INTO tblpurok VALUES("2","Purok 2","Amon ngadto ira");
INSERT INTO tblpurok VALUES("3","Purok 3","afawewqeqweqweqw");
INSERT INTO tblpurok VALUES("4","Purok 4","dsfdsf");
INSERT INTO tblpurok VALUES("5","Purok 5","rewrew");
INSERT INTO tblpurok VALUES("6","Purok 6","rewrewr");
INSERT INTO tblpurok VALUES("7","Purok 7","rew");
INSERT INTO tblpurok VALUES("8","Purok 7","rew");



#
# Delete any existing table `tblresident`
#

DROP TABLE IF EXISTS `tblresident`;


#
# Table structure of table `tblresident`
#



CREATE TABLE `tblresident` (
  `id` int(11) NOT NULL AUTO_INCREMENT,
  `national_id` varchar(100) DEFAULT NULL,
  `citizenship` varchar(50) DEFAULT NULL,
  `picture` text CHARACTER SET utf8mb4 DEFAULT NULL,
  `firstname` varchar(50) CHARACTER SET utf8mb4 DEFAULT NULL,
  `middlename` varchar(50) CHARACTER SET utf8mb4 DEFAULT NULL,
  `lastname` varchar(50) CHARACTER SET utf8mb4 DEFAULT NULL,
  `alias` varchar(20) CHARACTER SET utf8mb4 DEFAULT NULL,
  `birthplace` varchar(80) CHARACTER SET utf8mb4 DEFAULT NULL,
  `birthdate` date DEFAULT NULL,
  `age` int(11) DEFAULT NULL,
  `civilstatus` varchar(20) CHARACTER SET utf8mb4 DEFAULT NULL,
  `gender` varchar(20) CHARACTER SET utf8mb4 DEFAULT NULL,
  `purok` varchar(50) CHARACTER SET utf8mb4 DEFAULT NULL,
  `voterstatus` varchar(20) CHARACTER SET utf8mb4 DEFAULT NULL,
  `identified_as` varchar(30) CHARACTER SET utf8mb4 DEFAULT NULL,
  `phone` varchar(50) CHARACTER SET utf8mb4 DEFAULT NULL,
  `email` varchar(50) CHARACTER SET utf8mb4 DEFAULT NULL,
  `occupation` varchar(100) DEFAULT NULL,
  `address` text CHARACTER SET utf8mb4 DEFAULT NULL,
  `resident_type` int(11) DEFAULT 1,
  `remarks` text DEFAULT NULL,
  PRIMARY KEY (`id`)
) ENGINE=MyISAM AUTO_INCREMENT=184 DEFAULT CHARSET=latin1;

INSERT INTO tblresident VALUES("183","0089098032","filipino","data:image/jpeg;base64,/9j/4AAQSkZJRgABAQAAAQABAAD/4gIoSUNDX1BST0ZJTEUAAQEAAAIYAAAAAAQwAABtbnRyUkdCIFhZWiAAAAAAAAAAAAAAAABhY3NwAAAAAAAAAAAAAAAAAAAAAAAAAAAAAAAAAAAAAQAA9tYAAQAAAADTLQAAAAAAAAAAAAAAAAAAAAAAAAAAAAAAAAAAAAAAAAAAAAAAAAAAAAAAAAAAAAAAAAAAAAlkZXNjAAAA8AAAAHRyWFlaAAABZAAAABRnWFlaAAABeAAAABRiWFlaAAABjAAAABRyVFJDAAABoAAAAChnVFJDAAABoAAAAChiVFJDAAABoAAAACh3dHB0AAAByAAAABRjcHJ0AAAB3AAAADxtbHVjAAAAAAAAAAEAAAAMZW5VUwAAAFgAAAAcAHMAUgBHAEIAAAAAAAAAAAAAAAAAAAAAAAAAAAAAAAAAAAAAAAAAAAAAAAAAAAAAAAAAAAAAAAAAAAAAAAAAAAAAAAAAAAAAAAAAAAAAAAAAAAAAAAAAAFhZWiAAAAAAAABvogAAOPUAAAOQWFlaIAAAAAAAAGKZAAC3hQAAGNpYWVogAAAAAAAAJKAAAA+EAAC2z3BhcmEAAAAAAAQAAAACZmYAAPKnAAANWQAAE9AAAApbAAAAAAAAAABYWVogAAAAAAAA9tYAAQAAAADTLW1sdWMAAAAAAAAAAQAAAAxlblVTAAAAIAAAABwARwBvAG8AZwBsAGUAIABJAG4AYwAuACAAMgAwADEANv/bAEMAAwICAwICAwMDAwQDAwQFCAUFBAQFCgcHBggMCgwMCwoLCw0OEhANDhEOCwsQFhARExQVFRUMDxcYFhQYEhQVFP/bAEMBAwQEBQQFCQUFCRQNCw0UFBQUFBQUFBQUFBQUFBQUFBQUFBQUFBQUFBQUFBQUFBQUFBQUFBQUFBQUFBQUFBQUFP/AABEIAPoBcgMBIgACEQEDEQH/xAAdAAABBAMBAQAAAAAAAAAAAAAAAwQFBgECBwgJ/8QAShAAAQMCBAMFBgMFBAcHBQAAAQIDEQAEBRIhMQZBUQcTImFxFDKBkaHwscHRCBUjQuEzUmLxFjRDcoKSogkkU2OywtIlc3SUw//EABsBAAEFAQEAAAAAAAAAAAAAAAACAwQFBgEH/8QANREAAgIBAwMDAgUCBAcAAAAAAAECAxEEEiETMUEFIlEUoSMyUmGRcYEzQtHhBhVTorHi8P/aAAwDAQACEQMRAD8A+qdFFFABRRRQAUUUUAFFFFABRRRQAUUUUAFFFFABRRRQBTe2ELPZfxPkVlIsHST/AIQJUPlNfOPEly+s8pMTzE19O+JcIRj3D2J4Y4YReWzluo9AtJTP1r5gcTtqt8SSyrTK2J8zz+sj4Vo/T3u004fDT+ww7elZj5GKbgIcUCdFCNN55V1ThLBxiHFdy2yUwpgXBMwBnlYM9IUflXIDbqdJKNVCD9RH1Ir0r2NYWi04owxm6gLxDCC00idVuMrgAeZbINN2LPYVqE4tNnOu0W3cwu8d/iBQSruxO6t4P48toNc9deK5JO5nXl5V0jtntl22PuoWZClFQgRBBUCk6axpXL3CUTrApnbhYGE3gbXdwvZOvlNR7l26gSpkuDeM5FSKkTqRPlSS0tEGWwdOVdT+Rt5GNxcuIbSssNBG3hVmmPjSaL/K4ApJCd5SqY+FLXFukoKUrieR1puxY924VEBQGoHWle0be9dh+zcJd05nnrT63EkcwPnUY00oughMazUtbMErGulNSwuwuOX3H7aRHpvSyYrRLMJBrdKcqqjEtdhdvU05Qk6dKbtaHzp8yJilJHGbskhQIqVt7g6ZhNN2GgT1qSYs85HnSxl5OndibDV5xnhTK9W3XQdROqfFB9csV6aVwJZYpxicdvmAtVqlDVm3EJGXxd4RzOZRA9J6R517BcEec44w1aZSlCiomOiST+A+deuE6D4VzUSdW3a+6OVrc3kBoKzmrFFVpLM5qM1YooAzmozViigDOajNWKKAM5qM1YooAzmorFFAG9FFFAsKKKKACiiigAooooAKKKKACiiigAooooAKKKKANTsa+cfb7wk5w12lYvhxQUJTcldqeRacUVoHnGeJ8q+jsCvNP7Z3AovcFwvim1YJubNfsz60Cf4apKCfIKkf8dXPpdm211P/ADrH9/H+hC1KxFWfB494RR+8uJ8Mw4j+I/esNBPU95EfU/IV68444ad4R4dwHia1bUoYFepedWB4iwo5HAPKIHwNeV+ye377tk4NDwBC8ZtyQR/5gr6QX/DuHYthNzZP2wNrcsLZWnL/ACqEHz/yHSn75KmayNTud0UeRe2PhVziHEbjErDI5ZkJbaeUsAKBGZJ9IVM864jccNXrayFIbP8AuuSPrFdwbsnuHS7hGJXDJtrS7Vbtun+ZKDlAPQ+E6VzzFbZpu6eZzQptRQpOeYIkEH02pEo4fcZV2EUV/BLwCBbFXotP60xcwu8bkm1fMcwjN+E1eHG2goSuCRMZ9x1rTIlABzGJn12+/jTLizqvz3Rz59pbUFxCmzP86Sn8aTCAsyCCAfWuhEEH+0+FIuWiHj42mnv99IP4ik5aHFYmUxhvSZg/jUhbjId9KsDeE2ZPitUxzyHKPoRSqcDtIA9nWkj/AMwwPr9wabbbHVOCIdCzl5GOtKzKamDgtoEgZFonmFE/jNPG+Elu2anbc98BqpOyk/Dn96U21juPxsjLhFeR4TT5gxG1J+yFhZSoGnVs2FaaU7ERLJJ2DS3E95kJQn3iOVWrDMP7xTSgQptzbqPIioPBWA4622pUNlXiEkCPhXTMA4Oddv2BZp79KlAZG5JBJjSnILdJIb5S5O69iHBiMHwg4o6j+PcDK3I91HM/E/h511GmmEWKcMwy1tEwEstJb05wIp3VfdPqTbH61tiFFFFMjgUUUUAFFFFABRRRQAUUUUAFFFFAG9FFFAsKKKKACiiigAooooAKKKKACiiigAooooAKKKKACmGOYJZcR4XdYbiNui6srlBbdZWNFD8vXlT+iuptPKONJrDPPmHfseYDgHG+D4/heMXrSLC8Rd+yXCUuA5SCEhQgjbnNdyxRZYtS4mTBTIG5EifpNZxu5XZ2BfR/s3G1L/3M4z/9M1F8d4p+5uGL2+ypUlhtSzmMRCTrUt3W6mceo8sgzrrqhJRPIdriqMT4vunlylJxG5VDUH/xIIJ9a59xU6W8Vuwh3K2HFQkp1GpPy1qX4JxRD2K2pUvMsoW6SZmSI10/xVHdoFpkxh9SdcypPxH6j6VorKluMqtTLaVly8UQpOZspIggoOvyI0rRd+pRkobUYjYifjJputKiJim0KCqjSrQ9C+T5JIXYJ/sx8F+fT4VkXCIkd4PWDUcmdKWTIA5fGmXWiTG9+SXauURAWQTzKD5U5ReIP+0TA/wkdaiWioHc7cqcpUY/pTMoD8bckkXwdig/GOn51buHXGkW6O+/gqVIQ5+OtUEOEEVcOF7xPsjrSxCdyIlJ9R8NxTM4PBKrsWeRbiDAGbl7vFAW7p/2iRKFjqRyNQIwh5hRyo7xI5p1+m9WgrUEShSVtjZCzO45K2PxrRCWlLOYFtwnaIplZ7Ezdki8LQUuDkQdZr03+z5hxujcXTqErSyiBmEkKKtCPkquHYfhxuCPAh8bwdFfA/1r0x2JYYjDsJu8qVoUooCkr5RP60+8xqkzieWkdKG1FZ5GsVVksKKKKACiiigAooooAKKKKACiiigAooooA3ooooFhRRRQAUUUUAFFFFABRRRQAUUUUAFFFFABRRRQAUUUUAR/EFkrEcDxC0T779u42n1KSBXNe0bE3OMeyW4t8PuWUXeIWOSXFEZCoBKpgTpKhtvXWFmBXjPtD7TnuDcSxnALBpu5WziD5beXJabaLmYJOolQUSI2EyelWugpds3jvHkqPUbYVQzN4T4OVcNBGF4i1cPOIQFIyNxJkqggbb7U64vv7ZV28h+5YafaUW3G1rCSFCQRqdxFTHZI1heNcWWwxNGVFigXDaD/ALVaToD0gweU1TeL0m84jxV9cKW7crWogbqJ1rR2rl5MTW/atrGKmQ8j+GQpPVJmm6rdLZjSaa3GEtPJGdlKo1EitFWqkAQ4oRymoTX7lhByS7DpSRy1FbJBjamGR+dFn5kU7YJEBZV8abcR1SY6ZGopyYG1M0lQUAIINLqUUkzTEkSoci6RMGrFw3CnCnNGkfOqy24FxyqbwG5Fvdo5pOhFNMldkTzqjbPLSpPdmY0EhQpzZuByM6gnTpKT8DUmMKTizICf7UCUnrzim1thKw53Q9/+7NIcEx2M2i48A4E7e4xbpZSSpRjwArSdOaRrHmNq9WcP4UnBsJt7YJCVJTKglRUMx1ME8pmuF9geA3B4gVcrQptFu2SokaEkQB9Sf+GvQtRtV7MQX9Sw0735kFFFFQCYFFFFABRRRQAUUUUAFFFFABRRRQAUUUUAb0ViifOgWZorE+YonzoAzRWJ8xRPmKAM0VifMUT5igDNFYnzFE+YoAzRWJ8xRPmKAM0VifMUT50AZrE0lcXbVqjO84ltPVRioLEeKGe7Bs3S8pJlQbI1HqaRZZCqO+bwiPZfXV+Z8/HksC3A2kqMwOgJpkvG7Zt4Nq73MVZdGVkT6xFQuFcVJuMyVLK3FulDTbxCFQEgkkQDAnzoueGWsceZuX7lS0TnR3K0hM8ohMnbrXIWQsW6POSPLUSml0VyWBx43CB3C0gyCcySdPpXn3tY7IsM44x+6cuVLtLlSyE3NukAoOYAZp97RY5bQORrrVthN/ZYpahONqCM57y3WlClOpAnQ5RHnpz3682xziBt3jy6YW4QxcvZUkc1J8JE+aZA8wmp3peocpSkuMcEXUVvU14muTy3xHZJwJK7G1QtkKJS4orJWopMGTyIIIjlVPev7lpcuH2jXdzRXzj8Zrr/AG7cPLwDiZOJtoLthiPidE7PR74I2K06+qVb1y65w8FlDwVnaWCUK223B6EcxWonLjPhmSVfOHw0N2r1N2kZBkX/AHF7/DrWrgMwRTV23KCCNINLMPFzwukKjQEb1FaXgmRyjYACKVRlO4HrWqklHpWgIptjyWew+SlCQNflSL7uY7Ugp3KfDvWEkkxzppvBKhAeWvukzU1aWSlWK3gJKlZPQbk/hUMwkpTtpVy4M/jd60QYIB2pnOexIwNcMx28wRxK7d1REzkX4kfL9IroODY9YcW4haqITh2JgFKmnFfwnumRXI7eE9dJiq/iGEW7twlCRKlECIirvwT2e2N47bG5tlL7xxKRKoABIE6dJp6tZfImWEsno3sxwZWF8PpddRlfuDnIO4T/ACj8/jVw5U3w+zasLJlhkENNoCEgkkwBA1O+1OKpbZ9SbkXdENlaTCiiimh8KKKKACiiigAooooAKKKKACiiigAooooAxGp1NZjzrXNrtWj9y1asLeeWlppAKlLWYAFNqxN4QY8ihE8yKisbxyywBhLl3e90tejTUp7x1XJKEncmqfxL2odzLVgEWiDoLq9EKUOeRr3j6qj0Nc44h4lxdywaeHtbrBBKLlxwpWvrLg1yn+6nTzFWNWmlPmXCK+zVRjxDkv8Ad9oF6XVui4RY2bZMocfti4eQzrzZUDnlAUfPlVh7P+JnOIra7W5dt3iEu/wnUKbOkCU+DodZ/wAQryQ7xji/EKXg7ij1uts/2DDziEpGukHc+dX/ALDePrnD+JWbK/vnHmX1dzDrqiA5/Lv1GnrlqwnpodNqPcjxnZGanJ8HqWihCgoAiiqIuAooooAKKKKAAUk62XZQSQ2oQcpKVfAilhVN7QOJl8MWjTdqsIvLtRSlbiiQgDcgHTmPLWkymoLcxq2arjuZv2kWbt3gJTad4u5Q4lYS2sAxzmTtE/GK4o/jGL8O983asrDix/qzycpOvI8vziqdx52pXGOcSXCnIRZ2jq2WGXlawlRBWqNSoxPloKfcPcbvYvhzFrftvXQdfLDLzrmcoRAGSTzkqj1jpWW9di7Yx8xRQSatsdiWDoWE4zijLrd/iWFIdbWkNMLfaQlyQoiBMriVRtuRrrU6409iXeW9wxd8Pl0AtuWN0WFr1iSlHg6DxAn6VyDHuKXsQwNhankMDOpK2nExK0qyukncBKwAN9QYkxUPw12ivpv2mnnXHS5/3ckqzEoOmUzMp+RGkRWWponU1ZXbKOPC7Dym4raux3DgS2fwrE73FLvEMRvLdm2AQLu979C3VQBsEwQARqDMkyNK4VxVxKXcQdcQsodDhUFg+JKgomd/QiuwcQXNpw3wQyuydUVXiVXb+ciM8d2AnnGbNG5Pxry3xBjClXC3MwJVosfnXrlHtpi13ZbaeGUmd4u2rTtX4FWw8UtvuolK0pMMvojMPgSVD/CpVebmkrwm9uMPxBs2/jLTyVf7FwGM/mBzjcHyFW7sr7QzgXEKLR9wJtrxSUyvZDv8iiehkpPqOlWTto4KF0pviGxbyqUjLcNQZMbHzI1BPMQavNPYrI7GUHqOmdNnUj2ZyC+aVbPuMupyrSYIpmUBMFO8zTu8X7TZhSp7y2EEzu1Oh/4SY9CP7tR7Tmc5eYpTWGQYe5cEs2kPtSRUXdOd26pAMxpPWn9oooUUE7/Soy7ID69Z1pEmPVrkG3ZOppdtcqHOmaN9TrTlkSZqOyfEkm3obE6VYOGMYVh16haElwwU5esiKrCSYjfyAk1cLXCU4ZbsNIzrxFxGZ88mp2Qkdep/CuJPwdZbcDvWbjEEF9l590nwNNkDXoo+nka7zwPwVxE/i7XtWGJw/B0GC88sF1xEbBM6SdNRtOsxUP2A9jrrS2cfxi3LbaTntmXUwpZ5LI6dOpg7DX0OpSWmypSglCRJJMACkXX9D2R5fn9h6rT9b3S4X/kykBKQBWaZ22MWd6FG2fFwhJgraBUmekjSnAuGlEgLEjcTqKpt0fkt014FKKwVACZqLxHifDcLaW5cXSEpRvl8R+Q+9D0puy6ur88sCm8ckrRUQ3xPZPXabdsrU6UlcZCBAidTp/MNN9aeIxS1W6We+QHgJLZVCo6x086bhqqbPyyQnfF+R3RURjmI3VvZrXYoQ84kZlJKjmgb5QAZPQc6jsC4odWww3etXDjpbJU82wpSJGhBISADMwN4GsHSm/raNzju7A5YaTLRRTIYswnP3riWsu5WYA26x1Hzp224HEggGD1EVMUlJZTBST4RtRRRShQUUUUAFFFFAHN+JO0VfDrqbe3fTe3H83eNZvUJSnKSfkBNVdON8XcfL7i3DqbfPqhlvukJ5+NyTEdAVGrJwp2QW9sE3GLZluKAzWwdK5/33NCr/dEAbaiuhvKYwjDlrQhDNvbtFQQgBKUpSNhyA0qVDpafitZfyV7hZcs2PC+CicN9lrOD3q7u9at8UuQUqQXsyUoVz3zZj5nbyp3x7hKsSwh0qtElSRp3aiqP+mtsB7VMOxm0ZuFNqZYeKgh6ZScsZtIzSJE6Ea71b7W7tsUtQ9bPt3LC/dcaWFJPxFLdlkJqViOdGE4YrZ4S4nw9HC/E7j3elDL05khtao8/CDzg02w69aN53tteJRsUqyOApUDmSfc5a12r9ors4buHjiTAbauFIJQtWgBHLQVxLCkm4wrM1co9pb8K1oXsRtv971aKecSQ2vdFpntXsy4va4z4UtbxKgp9KQ0+ANA4BrH4/GrZXlv9n7jl7B+Kxh1y4gWWJDIYUPA8nY6Hnt8q9SDWqnU19OeV2ZL0890cPugoooqISgrR10NIJ5gaClBpVX44wW4v7BdzbvMoXbtrXleYQ4CQCRqoGKUll4G7JOEXJLJZWnO9QhQ1ChINVPtG4ZtsewYvOPJtri2JW08swnzSTOgOmvLSqngfFWLWNvZYfiHcLfOUIWy0QpABiF5TqfROwJPOum4kyzdYa/b3Bht5tSDBEwQdqQ9ssruuxC6kdTCUcHlnF+GcDxK6ccubW3uXwrV1G7mwmefP51F8IcT4HaIxR+7trdCmktN2dkpKiHkGQvPlBgpACgQBB2nnX+K+JG765y2q3GnFAoUG20qzydCMxJB80gHWtLJm1wk26sUu02pTCg24oF1PWd5nTQgmZ16Y2Xp1zm90m1nhEGtrhosWJYPhauw2wvrUpu7zEsTcuLp9bWRxKgVHITHigFWvUmue8ION47jDOEM2CXLm/dbZadWStaDm0jkJ5mNhyq7cOXGF4jw1d4Ib5u2u7tDItbNGd4uPwrPkABKYkAzuDuIrqfZ/2S4V2XWdxj97dDEMbLJQwvL3aLbMCFAAKUCrQyZ6RE1pvo1c+Y4wPuuUpL4Kz23YgjD/AP6VbqHs7FuzaoI0OVIk/Mma8z4xcZ1LJHiJObzPWuo9qWNi/wAUfUhUgKJ0PQRHppXJMQBWoqnUTBq2a2JRXg0FUNsSDfdKVEbg133ss49Rxpw+5guIOziFugDOokl1PupXqdSBCVeoPpwC6jNpofKk8Lxe8wXEbe+tHDb3TCsyFRInYg+R2I6E0uuza8iL6FdFxZ1bijhhWF4i47bNe4TnaIMKB0I9CJ+dUPEbX2C/W2nNkMLbUrmhQkfEag+YNdPt+LbPjvCA+2Qxfs6OskklHp1SSND+BmefcTMK9rzOjK4EhOadwJ/U1aK1WL9zJS0stPZjHA2DngzJ1I1mo15ZW4ok6n4Vk3RQnINfSmanCtRM5aalIfhXh5HqCCR+dSDKQAJ3NRtsoFQCRmNXrhbhVm/Uh+5K1pkDISUtz0kaqOxgEU1kf2N8YLF2TdmmJccYskWLAcU2oErX7jXRaz0HTmdq9Y8AdgWB8IuN3t8TjGKJIUHX0w2hXVKOvmZPpVD7Ou1TAOy7FDwreo7hlQad9qSBopaEkykDRPkJ2O816BdxVlplL8OOMKSFJcaQVgg7EZZJpOosnWkocJ+fn/Qk1URWZW90PNtqTumGrm3caeSFMrSUrSdiOYpFeItNsOPKzhpCC4VFCtgJPKuW8YdrzzT7reELtlWgRCnXmnUrT1XqmIE+6Rr15VQam9URbay/gnOUcFvxLHE4Xh82aGQ3CkMpkBKcv+EanwgmAOXKqhxP2ijC8NKl4RfqCXUgPKR3TAPJQWCQdY0O/pUPh2Ls3OIYhf3Pd+yrZ7iDaPvG5EmV65QjN4TvpoJEVZsKx4m6bS0bx6zLKSlxuwWGZB2Bgq2jedNZrzq66cZKxc/t8DUpOSw3wN8T43N9wrZ3JfVZlwdyp1tzOtC8swCQlJ6k9dIqFwvhPijFcRs7zusOCFKFwh59wryklJKsonxdI013TpVjaft7YWVthqe4Qy4Q40m0fKEp0OogQfXmat2H3bThWhdwkuEHLnYUgJ+e/wA6m6KyzU3pzWc/PwI6e787KriHAry7pN7ecQrfu2kpMIZAywqZA8UDQ7gjeoPjO1wwBFl7S4i+t2yq3W2jxTySVE6g7bcvhWe0BCnMZQzZvtC8UWh7Sl11CEJBPgypJkeQgyrflVJveHcTtMMv/wB84v8AuhoqT7MGm1LdcUACTngEFXUmBEAHlb2+n3aluVSUNvwRZSinjB00DEDgTfcYnbBTyQnvXklJSTzSZ3G4praf6V8MLYfvMQscSw111JuXVZgtkKOWUSdREH8tzVH4DukG9et3Te31skavttKWoDQ5gG0AxJ5+Z1J06lwS2cRZuba7W/f2Jay57u0U2F6kEa6bR08gKrNN6bqJW4nH2vu2iRCf+VZyO7fAbfizuby5dNzaJdDzORWRSFJ0EqSddZI2jzq4IbDaQkTAEamaQskW1q2LS2bS02ykBLbaYSkco5U5rc1VRogoQ7EiEFHl8thRRRTg6FFFFABRWMwoowGUZqJ4uw65xbhnE7K0KRcXDCmk5jA1EHX0mpailxltaaEyW6Li/J504n4NxTD8N4cw1yyU0UpWCE6pDjjxITmGkwE867zw/hbeD4aLZtIQgLWoBIAGqieVSJSFbgH1rIECBoKk26l2xSZHqp6bbyVPtIwAY9w6+3lzKR40iN4rwvf31nwlxliNi8pbaVuHOFLASkxIMRtr1619EXmw42pJEz1rxJ+0x2dJ4f4husYtmQQ8sLe8Myk6Aj00+tSdNNSg4fBFuj07d3hlVwzG7JjEG3LW9dcKHQ8hbLSFgLSZ3z17h7OOLbXjHhezvbd5KyUALSPeTvEjrA+c9K+c+G3MQhuAonT/AHuVdu7Au0W4wHFlWXtfstus+LOgrSlClQSUjcpXH/OqnLV1IbX3QlTVU967M9o0VR7btIYStxl9JzJUAh8QELTzVqRt03FR2J9rtrhqEtFJTcPOBLSFJCimZJKglXltIJmqnhS2Z5Ja1MGso6TWrqEuNqQdQoQRXnvjT9p9OArVb2Xsl7cBI72M4Qwr+6VAwpW0gGBtJMxx3ij9pjjDGllLeKrsWp0RZDuo/wCIeL5mrKGgsly2kiPPXV9orJ6su77Aezq7dvMVxm0YlJSEPLJfgqkQJKlaQIA5T1rlnaD+07hNp31vgAdxBxS84uXwW2keEJASkiSNzrGs9a8q4rxbeYrcuXN3cO3Fw4ZW86oqWo+ZOpqEuL9TqiSam/R0RXv9z/hFf1bZLEEoouuNdoD1y448whiyK+Vo2G5+QmqFf4447chS1ZjnnxHQwaQub0wADULiFylPPXenMxisRWDsKku5d+GuKrnhjGbHELdZLrDSUgnUkHVR9TXbMU7ak4jgjdvbvyCPElSiCknflXnFhZfw9taBLjSSIG5Tv+tLM38pBSuOWlVUrG8o1MK44TwXHHccN7cFWbcQTVcu7krnX4CmovCrQmfWkHniVQN/SozeSShJ/LqdqbLIVoI1OxrZbhJIBPQ00U9kkmQASabYrA4tsQuMMuUP2zq2HU7LRr6iDuPKrDb8Zs36ct+gMu7FaQVIV8N0/h51UVvgJHKki7J058jSozaGZ1Rs7l4VY2V/qw+hUf8AhqCh9KaO4Qywo95dIZT1WQkfU1T/AAySUwPnSrcJMpSlM84pzqkX6RF2s3sNsEpUkLv3jI0lDYIiQeZ3BgRvvV24Uxha7hDty94Ee6k6JQPIbCuT2N22GssyrOFD0gg/l8qfXHEKmGA02uCfOmJzk+CXXTCHgn+N+Ml47xVf37aiAcqGyDqQlAA/CvVXBna3ecJ8P8Ae0vl60vrH2d5p3aU5sigeR0AnYiNNK8d8CYE9xRjlukhXsjbgU6sc41ia7bxxizL+KcN2VsoIZw3KfD/KEJzD8DVF6jqdmymL5LrSaWNilKa4PSGMftFcNWeCqvHHnVIQ97Pc2yWpdYJ0GcE+6T/MJHLemvZ/jnC90yDh2P2T97cAKSwlZbUdyAnOJVEmYG/IV4v4mxVy+vblxpBAcEGPQD/2g1VbTG3bYFKoORRIk6z69abhpP8AmFXvsaku3kovUNIqLFKHKZ9L2LdxOVKLsjNKYcSVqnn4s35fpSf7pWl5126uXVtFEBLBckK01AkxEbDqZrxXwX+0VxLw622hF8btpCcobvIegdAo+IDyBrreA/tWsXrfd3rKrJ4knvG0hxAPmND+P5jIan/hrX0ScqcTX3/hkGM6+N0TvFri1vdpLTffBlhWVTjh8RIHOdtNdYpO34zw/EUuJRlbDQWvvXUEJSEKAKsxgEQpJkcj5VyrAXmuNrFv2finDEeOfYWHVJCkgz4kgpkneI1EDSKl+KuHsKwhpLIKLdnu1G4XkHePSkyEDQawjWQBEa6xVuu/Ry2WNqX9BrqSfZEhddqOCXN+cPWuxum2S2ruAhSFJXIO/u8wRy3EzoeoKuML4j4dVcud3d4epBdKh0GvqCI9a8zpt+F8GdDb7TTbrqypCikOKTCoSjWSJAnUCQTtVlwfiu5avE4a3fO2FpdOi2FuUlIUlSkpzpSrYQVHSNflW09Fv6acJbmn5a8jDbypPt5Om8LYUy1xC/f4beX2I27i+7LXfJXbtJ6heyj5JkjWTXQgAkAAAAchTLAm2GcHs0MNpaa7pJSlI0GlPxt0rZSlknxrjXxE1orJEVikHQomiuOdqPE+O2HF5wtq5SjCnrNxQbCPEVFpwiT0zNztSoQc3gPKXydhUtKIzECTAk7muW9uuN8V4fYWNrwoXVXVwh1Tjdu0VuKCSgCCnVPvbgj1q78OlviLg7C13bYfTdWTLiwsbkoSZ+dcZ7eODbqxUi7tcTfdYuE92LN55xxSlak/ze6dNY0geVO1pQnz4EczXByQ4Ti7pK7jixxFwrxOJLDZhR3E5tdaKTVjHEDaigu2ySkwR7EnSipX1Ev1Cfp5fpPcVFFFVuB0KKKK4AVyntw4VHEeAurTauv92hbbgbaUolBB5ASfWurUzxbE7TCLFy5vX27dhI1W4oJHprT1VnSluGLqurHB8r03TyLo920SlKyArvEiYO8Ez9K6DwWzcP37eNEtWeFske2XNwuGkkpAW2IBKlKB0SkEzrpXU+JuCuy/gZrEeIMVtv3u/cXLj7Nvc3CpfWpRVkS02coSCT4iVelcN4p43uuLL5LjjTNlZMym1sLRHdsW6OQSkaDzPOpM9RG2T6XZeTtOicoLqno7C+13CrPAhfWye8JdDDl9csIL7mVMhQicnLmT56Vzjibt6xrFLlLLV6lNonMS86w2p9U/yhaknKNOWvn053h+JqRhF1aFRU2shxKZ0ChVUxS97gpTz2qDpaIu1yly8k3UwhTTtguB9cY29cklbhClEqJ6k6k/WmgvSdSokq+NQ5vAfFqCOdZN1MkKyjrMfe9aeUmZVJEgu7M+XKmjt7Cxqeh1pou71MkD5zTR+4AOigDHPf8ArTYtYHFzfQR7xSOcD9aib298C1DXcZRSd09kBlQTHP8AOoy6dCEqKjEda4+wuPdF9wt5TUEnkNQa1v7Nec3FrBVEqZHPzHn5VpYKzNozJKF5RIPlT5KyiCPF+dZm25wm2jc0UqVaTIe2xNLoGsAGDJ1FOS/3pCsx26ab/wBK2xDDmbxwuoJae/vp/m9ajlqds3MlyAOi06pNLjdGzsInTKp89h4pxKkykz6U1dWQrfTasB4LgpWkjfTnSDiyUkmIO8/hQ8jfDBSzpJy0JiAeW2tJd4TzEjWCRr5RWwIyEoMkife/MVzLR3aK+6OZ9N6SVchvQqgbSTQ4uRGadesVo3aPXaoZbWsDTPBAHx2oykCizC7wzIJg/e1SeBYJc488kZlM2o0LgMKPpp9a3w/AmkKC7lftChH8MTl+M6mrVaXqbVrwgIyjRI0iq7UatVrEOWT6dK5vM+xcMLu7fhbDAxbpDawJmNvrULc405dLcfUolbgga7Dcn8qhbjElP7mBPMxmPz2pJDpjOqZ32rNKErJuyb5NBFKMdqJe3BczGR1k1Qby8Qb64UlUpUox8/8AOrhc3KmMLdyH+M6ruk+UiT9J+dUXG2lWL7ZWNFg6Abfc1f8Apsve8lD6qswWEP7S7EFM06TdOISCgkdOX4VXre7Gxy9Ms8qkEXABOqROup3+5rTcmQeCetcceaXJUfUE/j/nVpwvtWxWxR3ftC32ACkMvLUW46QD18q56Hxk5EdSR+FZD422rkkprElkRtXg9R9iPa1w45jTr+M2CUvMsLLaEp7xKtAPCk84ER505x7iVp/iBu+UhdoBldtmllCUpQnLlEaAe6YmNI8p8x8P4yvBcWtLxJUe5cSpQHTnPwnSvTlsqz4qsQ3d2agkeFu+wwd+2jyUhSS82NvEM4k1Wa+caYwUY4X7DMNJZbNygzovCnFfFGKcRWN29iy2sBS6x3dihGRKgpGqphSlAE81Aetdv4q45wDgiy9pxzF7XDGolIeX41f7qB4lfAGuK8MdjV+bzB8atn7S4trcMw226StWTKn3iIVok6SPPXalftpYWhbuDYittAuvZW0FbmoAClz9SKm14nCLn9ia5yy0+52Lhz9obCuNeIE2GCWzjlum4YacuLjwlSXM2VSUjloIkzrtXWq8Ifs6v3FrxLaKLZW3c/u0hQHvLQtCT6RmOvWK91p7wlJJCUxqmJPzpVqjw4CkpR/MKVS+K+FP3rjrmJHDUYj3VolttLlwpoBQ72YyglRhyIMDX5XSgiaajJxeUdayVJnBn3G7XCmcZ9iZtrVDbtnZp8QIAAPebgeWmlJdq2Coxfgi6ZKQpLakLyagEZgDt5GfhUs9wfh7q21IDzGRWaGnSmT1ncHzBFTRaSpvIpIUmIhWs+s05KeWmIimmzxK3Y8VNtpSlqEpAAAt0EAf8tFe2whIEQPlRTnUh+n7/wCwe/5KY92x8JMAFWLN6/4SPxArKO1/hR5SUs4xbOqMykOpSRG/vEfSvn5b/t+dpzJ8d1hlwB/41kjX/ljT5Us5/wBoF2kNhBH7mWk7qcs4j4BVT/oYeGv5/wDUiO6xeD6ENdpOAvglq8Q7BjwOIP8A7qUc46skJSoIUUKEhSlpA/Hbzr56p/7QXj+4QjvsH4fuBoT3lko//wBa7b2AdufGXay7c4njfD/DthwtZj+Lct4atKnl7htsqcIJ3kwY+NRr9NDT1uyySSX7j1UrbpbIR5PTB4zS2w5eOlhqxSSArNmUsjcJjc/hXBu3ntZOKcPudxLDSHO6QEHUzBkn/hNRfar2q5z3VqW2LeTlaaGRKQI0gV59xnidzF2722LhWiA4iddUqTJ/5SqspZqpWzxX+U09GjVccy7lfxzG38Yvw484VqSMonYCmzKgDE6mmThyXB9eelLFakRA36mreDUYpIU45ZLWz51ExptVVxy7JxNxMyEwJG4MA/nU3bvgk66nSJqh41fe0Y1crSEQlyASOcAb71YaTErGVHqXFSRIe1AnQnadKz7UVSUry5dymQfn8qhE3BSkJ0IHUQfWZI5UobpSwQFBPMmJ0++Zq4awZbBJOvjLIUoExPPWmrlzqApURppBpm5cBIMnMNiNNdOo+FN1v+Ex4UxzO/8ASkisDh16FnU6mDAj9NKjn7kQUkjJISZ19fpSjz+ZOqcy8w3MD4VFvvJUQVJTlKhMKMRO486bk+B6EeUdUtlfwkKEp8I3PlSynZAkjXlUbhjxesWFrIKoBOm/X86WS/CjPPcAzWMub3s9EoXsQ8Q5BInUedCglxkoW2HUndKxINIoUVabilEpKgUkaciR+dQ84eUTMJ8MjH8KbCiWXiDPuPDQfEfnTRdhcqGULYWdpS7+o3qdXYuLBSNuWm1R9xbqtlFK1QR/dE1LjqbEiLLTVvtwM04fcIMFTaB0U5+k1v3DYBCn/I5Uk/UxQpBCdgOZn+tJBtSxHvHflpXXqZHFpYocJ7lMZUFahzd8X0iKdC6LgAUqUqGx/l+FRyQAnMRlmlEvpQkp1UT009dRUOdspPlkqFKj2RLtXSUgQok9I+4rK7tSxtmUP5Z0FRiHXXFkkoCDsECCdpn4zpTlKkpyToN9ahSfPJJSwPmlkqzKUSeZJmt2nO+dgEkCZIqLXdqMpQr5b/OnSFKZaOozTuKTnjk7nkl3bgBlhAV4gpS1eWgA/Oqhxo4EXdqSoiW1RpJmRU6y93z8kHKkSddqqfG973mLIQhRyttgKHOTJqdoH+MkVnqK/Alka290CIzTrokTO3+VP2LrPzjYhMn51CW1wmCkkzOonw/frSqLkEAAkaa6bfXyrWoxJOC5VA8QyjnqOm/+VLB3KpImekmah2ntpVP0/CnDVwFmSDBMRGvzrpwlUugLAKkzGo579Kv2DcSXlo6w9b3C2nQ2ghbaoIIGX8j865sX1AjKJR0KoIqxYFcFRbBJSoSn89fPeoupgp18+Cdo57LV+56a7Gu3zFMIxy3w/Fn/AG7CXyrv0upCl6JJBnnqBvV3/aBw+74w4ZwfEuG3LrHmkILR9kbStVuSpASkISkkEjMJMnTevLDLvdNrIgKIiZ8x+U10Hs17X8X4HxJpbFwpLGgW3AyrHQjaqaGpnCSXgvbdKpe+HEjqPYx2GcXe0HEsUtThiF2qW0rv1/8AeA4l0LSohPi/lGhIr1nGlUns57VsK7QrNPcLTb3wEqt1KGvmnqKu061b9WNi9qwihmpx9tndBRRRQNhRRRQAUUUUAfCj95ISP7ZJBEnn9/GsDEUFU9811PMg16kxLsTxNrF31IvrZTD7qQ2DapJTyHhEDp9ajcY4Qu8Mxr91suYdcOd/7PIw6FFU5ZjMef5VKn6lTXLbLuOR0sp/lObdiPZXf9sPGVthdmQ3YD+Le3hHhYZB8R5Senma9ncZcTYbwXgrPDuAtIssKsUdy0w2ANI1UepJmTvrTnCcBt+xTs+XhyiyvHL49/evMMhvKI8KAByTI57k1wjjriFy8bbvAopVohxJPr9/GsjrtdLX24j+Rdv9TSaPSqiHPdkRxHxI5dPOBSyQSdJ0TVSN53VyFBQVrED4g+lJ3lz7V4xGYzKQetMRcSsEyMo92THyp+mKSJUk12JPFZbdzhXvcxr10n5Ui0/IylUrHKIrDbwvsLWiSXGSBvJyxv8AX6VGB4tSUFSUg7g/jU2qWVhkaccMlVXQZacMkkAnxAwPy6Vz0XZdK1Zisk+v3vVhxzExbWTpTCwRAAMT961TG3AQCoog6dRV/oVw5Gc9TecRJQ3WUkRzjKNh51lLyzIIKToRO/yPlzqPD5ygKClTHhMk+m8CkVLgEAnJsMwERuRpVo+Sg2koLlKl6kBR96OXnH603fuBryg6kEUyW4JClKB1zSU7a/fKsd4VrIBlMGQBsNNqQKURZd6mBncAGqdtaY3oUptZSYVqBAACTz50ou4USVBQSsnTp0jfrTVLqXnmWgNFKA0HU6mmpdh6MeUdUwlXeWKIAyxoI2pV1WRXTlMU14fObDglUgiY0210HWlLshKwVEADcg/flWHvb6kj0Khfhok7J1EEgRJ11/Kn7dykp3nzNV+1dylSgYHrE0u5c94kSTE8j8JqM5YJGMkm/iASVBA1AgGD86inny4rMtxWvIHT5VhTqRlT106zSalCZBAncUjqNitrXInOUmH1GRAAjSkM2ZROdwxpERP60suAlStSkCfD8f6fKk5CemU6RyNccxSTDupUCohI8zSqG0A6wTtqKb9/vKdwOe/T78qUSARr4RpuPhTTmxaiL98ADBAjSkTdqzjUDnqRSbriUIIOpnTNpWrI71QnQnqfzpCw+ReB9aJkBZSc34Cl33yCEiJMGdJ+NaBfcohI+grDSi4+lR8Q3gRpr5elNt5Z1RwP7eG2M5GoBUY3Ef5VzzH7ouuuXJjxvZZOwER+Qq442+pqzLSQAtzwhJ105+fWqdxEkW9iqCUuymDoFe9t9fpVp6f+fcyr9QjmtoaNvjvBBAzAGCJn5/GnaXFFpaipMxp8j/SoW1e97SCrUiZ1gVIF2VKGUCDIETy0+la4xRIodETAjUE8gfj9604aJVvKk+e341HNvEhIJBG0wdoH38KXD2ZCBAGpgJJT9JNdEkm3cJUZzgp2lMRUzg92EXNunMD/ABAnQbTIiqw25KhJEkwPPapC0ucjqCSAUKBChy+/SkTWYsdre2SZ1BTv8IDScwJ08j+tad7lV4THPemzb2ZtCgQfCPhWC8CYTt61k5cNm1jzFYLjwbxfecO4g09a3DjC0KBC21QQRsZrpfa/xZxFjfBjXGXD+N4ja3liEoxO1tnVIS42dA9AMApMBUctdINcGtnkpuEoJCQTBNdf7NcYaav3sPvkd/ZXDCmH2DstpeiwR8ab+qt0ko21Pt9xm3TV6iDjNHJD+0Jx0lICOKsXbUnmm8cM/MxWE/tK9oTSQP8ATHF531ulfqajuNuyjF+FOIsRw5OG3dzasPKDFwhhSkramUKCgI1SRVVuOG71pfjtLhEbZmDNb2rU23QVkVlP9jE2UU1TcG1lHQWv2n+0ZEAcYYkAf7z0n60uj9qrtHb24vvTv7ygfyrlhwW6bQSW3EjzQfxpM4TcHxBC45EIOlK6l2cbPsKVdL8/c6+P2qe0ogH/AEpvdf8ACj9KK5EMLcAAyK+lFLzf/wBP/t/2O9PT/qX8n0BwDBmMT4rsWsgKA53kdMpzD/01XOCuEbR3iPEeMLxsG1sHXbhgEareJKk6f4QqfXLV64F4n4WxTGbk2GPWd1fPMqbtGW1KCi5lUNinTRR+VU7tI4qseELFGCWqwLK2SWnCmfG5/MSeep+leX+oRtje9ywsGp0SUliJzbtX47GMXFwrvlLQ5OVeh66afKuH3eLEPOIcClJVuknf86c8Q4k/h76rK5XmCjmafSJzTpPlv86q93dBaCSoCNSVCNNKXRXjv2Lzbwb3rxtVl1GrZInLEegps673iczYIVrIJBj5U3F6HEKQsgg9R9RSKnVJVEyI0BNXEMYGXEeWt6pm5SZVzQQEiI5j1pxckFSk54B1SeZB20qHfcU6c4AI0Bg+XMfKlmX0u2pSqYSN5ifjUlccjLW5YZGcTXSfYlJW4lK84AJVCSZ5c6ral+JRCT4DIgwDO3Py59akOLLwAW7cBSu8zZo1AiPxIFQiCnJI8WkR5T0nzrRaN4gY/XrddgeJcT72chCYzJByx69Kwh1JgZknNsQZJg66b0zdeggSBz1METH38KwXCBOok6qB5TU9vBW7B2HCM4zjoQTqB8BWyXSqSPFppG2nnTMLkAJUpOsgZo6TNKFQQpOpBSNiZ8vx5U3nIbRw6RlBGkdNfnNJYWlKsWtkwVGZOnw3+PSkVOZRuCCZMbTp5VIcLW6LnFiSr3CmJ1FR7pKNbZKor3WRidMw9AtmFA6TMSa1uTIMwtM9K3Kgw1CiJ+Qpm+BHiBCk8wdD+tYSdm6TZvoQ2xwad4dADIjWSBrNLJczZohUbwTTQR4tJ55QYj5UolYSqeg19KZkx5LAuXD7uq9djyrUKKwZSQpWoHSky7JIiAo7ztv5VkErOgKhMSOv3NMjnc2UolWaSCecz6+u30rQCVKJMmdCBFZKoPhJmOXqf61gxkB3jQHl96D51w6bpUkADUEaSRJmsOvaZMoOvvCNKS7xOydzySZpISsq01B2jlHKk9zqMwVrKSSdNTH0/Cn1qkpBnU00ZbTlmVAkddIp82MiJzAeYok/B1I2dXmgiSDrvAinNsju0Sem1NmE94rU6iDG3+dLX7vctAAeIjQ5fnTfPYX25ZF3bhubhZ95KDlBgHYnWorHrHPg18uAopSVkEaiDIg/OpW3aC16JB1O4kmsY00j2MtKXlmZJiDyq0oeyUUVuoSnGRzu1dQoohR5e6dY+tPUXCFFKjKZMKAmTvrHT6VGW38LwuCFSQrppy02p6h5ILYJhxQ0yjVRB5Abb/fLZLlZMI1hj5u5SFFBjaM/n8KX78ITmnMnT3dAdYM9OtRQJLh1LaifejSfnUgypTaSJStRGpywPT78qDuCQbdMpSRJiAeWn2KXUoZVJkEkaGNDTBlxAJ91CgD7unnpFLtuJLYOY5ZjKkjU6j9frXH2OxWHk6Th913lo0QmRAGvp+NOe9DIzqIkajWoPAHs9q0FARl+tPL50uqQ0kFSlHXpvWVui4zaNlQ8wTH+Hn2i8bUtUpUqTJ5TJNXvg/Ez/pM6pR8HcLUsgxEJJ/IVQLNS0qSAIWeXnU3g9wqztbtwkpXcOJYQeYA8Sv8A2j51W38cokpeD3h2JdoTWLcGotnULffsYGRpJUstKJyqjnqCNNtK6AeJrOY9kuzPM2qgPqK8bdj/ABIi0xjDbK6W4ixvlqtXy2vKShahlE9Mw18prpGJM21hx3iWHW1obJmwLS3FouVglJSCdSddTGkbirbS2ah0uzwjPXenxv1KqjYoyllpOOe375R6HaxaxuEKzNltsbl1AAPkOvwpunFsNKlNt2LiwrQkW0A/MCq5f8B4khhpeF8RXlm0lBlpxw5Osgjb5VW2+E38NdF3eY9cYpjC3Eptw3dLWhpO2aCd99afnr+ikrMor4+muyPtujn42vJ1IWdlAjDkAf8A2U0U+QuEJBmQKKnfWQ/X9yF9N/T+Dwr2WrHDGD3/ABGpSWbi4SbSyUd8oguLH/pHxrmPHXG67+6vLd8KD5OYEq0IzAzvzHnUzxjxc2VJs7P+Ha2TYZt2xABQNlRvJ3J6muR8T4mMTuu8DuR8bLP8w116c6y2rver1MpeDe6PTKimMTFzdoxS27h5eZ0atLUZUJIJB6g1Xwty2cLayqScokxPwrAvlEQpa0ubQnTP61re3KlILipUk5fCDygain604rBMaa5RotYKp8tQBqfSk0XQQqCIUISRsf60kHAUktr5SARBGv8AWtAoRMBOhPi5+sVNXAzLI4WSlKgFEpIO2x6CB8B8TW6XcjiVhQSIynWZGgP402Q6kEhajEGtbj+GjLA1GbLmn507FvsNSSK9xa6P3k0jcIbOvqf6VEB4wQSFAfynannEjgXiYcCsyi0gEfP9RUcVeHrzrSaZ4rRitZ/jSFS5CpJjoKyFCBz6ggbUjnjYGPWtpnUnzqQ5kPAqk5tDB5kGlM2RBA2mIy0ghRAkE6mdtq2UszOZXSjcJMuEiQT0B8qmeFwu2vrR8EJbdcCVJ6pJAmq8+spQogAnkKt1lZhpbMGEJUkAHWBO+3SoOqmlBr5LLQ1uVm5eDoN0pIypjyhR/MVGFSAnKAUrnXT8qf3KUpblSyD1XA8v1qPfUGIy+Lpl1+fSsR34NxFGuQaEHPrzP5VohWp90EaDfU8uVKJCsoUqVARBBBP41goyZfeSqdU8jG31gik9haN1KkaqIJ5zrQkJVIIBTOqYn+nzrQGXFJk5lEaEb9dK3SoLXEBJ3MRI+ApDFGyiog67aRFJRlmCNTuAR686Uj+GSmTMDTkfv8K1SSk6iddfIUnkBNYkKPLmSdp6Vu2gLUCoCANpjlHKtFqKFRIBAGsESZiP8qdsDu1ZYEbAyDXW+BQIbypMjXWDOvx60qglQEKlJ8tBWpQc4gRykjf9aUZIWdIBA56U3kcSHduAkJJMRr4QOlVriK4uG7tl5D5DZcDakE6JE7xzOvyFWR1zIxIAggjfaoLE2heMvtpjOpByaiCqNPypdDXUyyNqoydTUTVWLLsGv4jEkDMXlmAo9PvpTTilTxwhblw2206pORtLSipQJIExpzNNE3i79uytVH+J3qG1he5lWpj0mekVJ4ux+8MfYtwfAwO+I3kgQPiCoaeVXEIRhNPHJnJ3SuUop8cL+5RL239juFNrASkkLBEgqERMjXdP1rViFAJCjCtCB+G33FTvH1mbC8s3gjdtTKlJ0AUDmEzrrJ+VVxJU2YzQYE67nrvWjpsVsFJFLqKnTY4MehXdtHQkEzmnUmdaXQ/Mp2UNIJBKf6etNE3CQ2Ak5oO/IbSOn2KEvKGYQcqVTlTp5VIQwyQQ5m8JzFI1AVsT5/X6Uqw+M8jMT/iUec9Ntj51EouUx4VTAiQRoKXZuMpjOnXcg7azrpz1+dcbFRw2dE4YeK7VC1HKCBlA6dal1OBd8tQUSlMpOsqI85/Kq1w0+t21azAlLTQJEc4/oalLR5TReMla0qkiDBPPXlr+NZjUf4jNhpo/holG78i47ySEBUiRp5zr6VYVOJNwyyJCWEhayBstWpHroj5VU8KUHQVr/htSS5rsBr8+VPLW8VcXDi1wpa1Fao08RO/WIAiq22O5k7GDoOFYm4zK0kpKTCfLzHn+ldPxjtTxhm+F4yxh9wjELdl1TtzbhxbsCCFGROVSSPgK4jb3ZaykkgnxaAn8Pv5VasXxXJwTY3OYBVpertzGsIcTnH/UhXzpz02/p3dOf5WQdZCSr6lfEkdeb/al46bSEheGQNP9UP8A8qSH7S3F6nkvLt8HcdSZSpVkZH/VXnz/AErgwlzX5itP9LDH9pBP3FbGdenmsSgmZKPWTyj0uP2qeNCP7HCf/wBZf/zorzOOLHo/tD/0UUjpaf8AQhf4vwQ+P4v7ccwJQtG0bHl9ZFUi/uCu5K0iFe7qNvWnmJXS2r1xSVZmVrJCU+ep28zUVc3BKs2RM8pEg9PPasVTW1yz0VrwjV287xJCwTPiBEc6xnAQcpJGqQCfypErQmQDk+e1JlQ11IjrHw8uVT4rI22ZezsqUttRCwJIPP7isNPh9MkEL5xoKO9CiARmA3G/L+tNXkjN72RUyOn0P60+u2CNLged5GgElOhBP5Uhf3JS2lwgZgopMHbzpJm4JzBfvTuRv503vipy3cTnVKk+EKEfH7+VOxjyMTftITHFD95FQOhbSI5nf+tNcxBAGuutb4k4FuMLJ8WXKepj7+tIZzllUBW+kfSr6l+xIx2qX4jN0kZdxB0reeWtJJOk6bbk61ukDNzPOTT2SEOBKSCkmfKtFLk66kVgHTcRWqiJ8/IUrJzApaN9/iNogD3nkCB0Jq9LZ9oeVqFKUY0OgBNVLhe2N3jDaj/Z2/8AFWR9B8/wq72qO+uEEHKCrMZMnr0ql11iTwaf0qt7HL5Jm9cLikg66xG0npPWmaCoKC8xkmAogTH5UvfO5VHxREEE8jzO2+tNUKyJgDlrJ3+5rNJfBpkvgWRySZy/3Qkaev0rDgKsgCs07gRMfGspXsSSCOZ+UVqEjUAwnxE5icvlodPvzpD4Omy5JOaFfymTsI6VlJUlRnUjYpTAitQgArAKSOcgiDR3uiUlR1gGOXw6xSWdwKtKUoe8DJgJgQdBr99KRSUhfiSnMZAmJOnWtkuxIUvfmTmGlYbIBPvZVEaAx5Uk7gAs6yQmdfDpp8N6dN+EJGygORiJ6dN6bIB8JKhG4UCR9705zZijUKAjTy1H6Vx/AtIVWmRmKhoJnU6n0351m3GUgpgqmCRyrHfkkTKdwCCTWjR9ncQM3iJG51ANNYHEOL93u20wmZTt97f0qKbckzqUxtEz86eYkrMEn+8Imf6686hXMYt2VOICVrUk6yAB85+tPUw+Bi6cYL3MTF2xbcSNqW4G0JUVKjWCUlMx86k8AT7Vd392rXM6GgrcbyR9Y+FQtk5bPWb6nnQp9bgUkkApAAifI7/Sn+FYnb4ZZpty4pw5lrK0gxKllWxGu8VbW8Q479jJ6bi7M8KLbYpxpbrxmxcs2W0FTTftLOXfMCNBpzE1zlh/whWaUqnlqN+tdSsXA9iPtmRQRk7pGbdYMEmD8K5vjlgcHxi5tRAQlWZAmYSRIA08yPhU/wBOsUU62HqNfUXWXbsN+/I0k7SVHU9BrW2YoVGaBsQOnSkUkgCIk6ztWc+nUGfeOlXfBQpNCoUAsQACBqAANecfLpWVXCyAkkBQBIUpYHl0pAqg6k6jUggUKfypJTl03yjekti0i/cO3BZwlrIrK654AT1I59afl7IlFmghxajmWs79fvWoGyuFs2FqiQspQk+KScxT9/Opq2iwQXYC7hW5GuX0nltWbuzubNrpuK1Ekbi8Tb24YSpSVZRn33H8vw6U9w50hzMZJHOBpzmoS2C1KUVrKirUyT4vU8zTz2hLCQkuLmNSTJA9BAqBLgmMsDN4SIC4CSSB96edXXh1Jx7gniy0LoClW3tDKd5W0Qv8AfnXM27wkdy2kBRB1VvvV/7N8TtrDHcNsnBmbUotOnNv3gyEH4GoE/Y9yXJyUd0GjnxcUsRlzg9DJH5Vr3rk5kKIM9SI68/OpLE+G14K9iDF/eN4e/agFm1ezZ7tKlkShQ8MgCYVEzG4pvbYWi7wnEbx3ErSzcti2WrG4zh28CiQotKylPhjWSPLatf1YxgpyfHH3My45e1DQuEEgLSByGWirajsc4/KAU8MYmpJGhQhJBHl4tqK59RR+uP8oOm/g5g5crUshaSEq3OSJ9PnypB1YSoiUp1JUeR+dalPdmAIB6HStVKLiAg6gSJOhj4VSxWEbNo0XK9SkERG+h+dYylsmTmHkYHKPzrTMtAJlQT0j8fvnWq3+Sm9eZ8qdWUMvBqVltYgZh13+elKKAXumNDEEa6H9aSK5AIWnyMAffpWyHMmmndnQ5jAPqacQxL4G77hQse8SDGif6U2ffJbhWYNnmROXyp5dJWU5hvtlMHrz+NQ9w53aYjNO6s22s1KhyQLnt4Iy8UStCU6mSPw0pBC4mUg+RTp6RRdq/iheqh08+dJJ0QBqIMTvP0iriviJlr+ZscFUZTJ5GB6c63Qqcx1giNt/lTYq3GVPOBAMilG1+EmdJJJP+VPERpDjMQNOYiKScWEQVHQczQpZgwoHppTnh7D/wB8Yy20rVpMuOzp4UxI+Og+NJnJQi5MVXW7JKC8lv4bwxWHYMhyP492Q6oZdgfdEdY+pNWbDWcuZZSIHPLTEnv35CcsHQ84qTzdy0kb9TvH5VkdRbKbb+T0CilU1qCG1ytXfKiMo0O+n9f0rRKQADqFDfQ6a1opwgEqJB0BkxB+FGYKygGQRpAMGoieESMCoy5RugAGenwrYOd3G2u8/elIq8J31G5ygR5TQlSQtUyNdcxmTQ+RWDdZSACTvpJjT41rmKAolUnQTPnWTsSAdZkE7ik1LKtJk7nT6UlI6hwFBLat4mCSdP16VhLiUA+LUak0i0s5RE6apgaz5zpFKhWuqvQHl5CkvuKFG4UoZUZjvlSANKcNHOpKFZpiBIg8tqapKleFQCgOUb0qHCkCNNTpG39KQ2dN1pAABIAMbiZ8+XnW6QYMgiCPFGUbAczrtWqlQoFSTAiQUwNNq1KgSCQVHUg/3aSLSHT7SrgKTBkp1Og9Dr5+Q3qovcQXFp37QB71qSlKEkzrtHL121FWxGZxtICQUgaHTfnr8vOo95nxghOhToYjyp6mai3uRD1VU7EtjwyLs+Jbp9jMkpWtSw0AkEeJXu/mCPSmrGOXl7clCHyygFI3gyTBnXWP0qaS4fEmSlOaD5fc04ZuVpURJSJkjQT8R5ipnVgudpVy0l7SXU+xHDErq3bAddStxK1pHgMrykCAZ31mqzxg49eKs79xlSCsKZUVQJ0BTt/x/Wr535zElRUecnWofjlPtnDr6iAV26hcAD/Cdf8ApKqd090VYngav0d0q2nLKXg5+0oCQTuOQk0LMHcztNJpOhUNRyrZRgkCNOcVp8mWwZmSd+e5rRZCk5TABOk0KcO0qjeKzatG4umWzoFKEk9NzXG+MjkI5awXbCU96Q/plkBKTz8z8/zqUWQMi3EkJBgEDy8qaWx7tlAJ8IAHoI5Uv3yswAy+hVIHxrN2yzI2lEMRQsu5IQZAQiNSrn1+k1ubqG1lMOmDqAPlNMytOokKChqYnc6/SnDTqWQI1dSCQNjE8+dR2TMZJHDnWmlKdcVEEkqIgZtYGvpvUpw3ihaxtDoKUyQQtShMyNtfIH4VXFXDrobzQlKeRMhOo1+op0zcBC0pEuLHU7EcpqJYsjmODp/aTasWmPoxO2bGD2WK26lO3qh7S3cKcSFqAbIlMGBKZ3nTaqJgMN98+/dpwy2uWnLZy7etPaEKOULCMsSkmE+JOonyNdC45wW8Y4ewniSwdQkWdo1bOPB4IdQ4hxSc6Ubq94Akbc96qOBYPfXntnETWIt2zVldMh69ZdCLhnvFEKWhmQpcEn3fkJrRaCvradL+xkrn07G0Rlrjlq3bNJcw591xKAFOJxFaQoxqQAdJ6UVJ4jw/gSsQuS1j6LxouqyXLmHPIU6JMLKc2hO8cpoqT9NH5X3D6iXx9jmAdKCogmDuJ/pSntLaimQUn03/AFpvt3Z/xVs6AEGBFUuDXt4N3CFklKhJ16899q1KCoxkA84+/wA6SUSGgZ5flSyyQjQxXcYGmxNSArPJGYkwsa/DWKQKUhaiCRIMkn6Uuk+MDllVWyAC0SRJEwfiaUmIayhJCggEBRyKMyobmIqJxElD5AAKVDMkgRNSF2ShKSk5TO4phiBJQgkycu/xp6t+4g3cxwV+/AC0qza9NaRSAoQDAJjyp7fJAw0KgZu/iefumo4E925rtH41eV/lTMnesTFP5YGp6mPw60pIHLbcgaem1Jn3E+YmsO6JTGknXzp1MjNYNnV5R/MBqfdjlV24LsE2ODLuVJPeXJIQVaEIB/WfUAVQ7nwrgaAzMfGur2xiww5I0SLZuBy90VXa6bjBJeS69KrjO5zfgkLK3hWdQ5yDM1terzKKUHMZgE9POt7P/VgeeQa0zf8AE4qddFb1mJe6XJsvBkkoVGdI30EH5/KspVqRqsDkaTcOjPmDNBJKtzvXBODdeYqkEEc9JPzrZtJBHvDL1G/60inVbk6xt5Utb6KSBtrpQ+EC5MuKGUhSQkJIhQPXp8q0UQoqVpprrzPWt1ATMaxvSDhMI15j8KQhWDfMlyIKifmI8jSyIKU5iQEjQkEcqQcJlYkx4THzpRvVSByA2+IoYIWAKiClJga5iIHxrKFBQRIAJjRP360Oa5fj+dJuKM7nQ6fOkHf2FEqJSnQBYA084GlL5sihJKpM5j1jem7mi0ffWlkaukco2+ApLeDqHDLv8JIzQQY09KRcb95J105jn5/OtyPAocgSAKaunUeR0pKXINcCLiIJgHKDJMbVhp8kgERrtoZ+NKq/tVDlTRaR3hECI/WpEeUcxwPM5S4NCD1IrZxpN3buML8TTyC3BGpBEbenrSTQGY/ClGvCG40zHWOeldXDTEtbk0zk1vmQ2lK/7RPhUPMaGliYSZ1rfEtMVxD/APIc/wDUa0T7h9K2UHuimee2JRm0hJUxPPrT3AmyvEEqMlDfiJ6fGo93Uj751OcNABtwgQZOvwFJteIsd0y3WxTLOhxEJ1JI032+tKBwFR8JKoHujT/Km1soqAkkwRuacJ96s/I2MGbKdVAScqUjePzrMuLWok5ZjVOpP3+vlSKiQyuNIBIpZOqk/fMVHbJiFUInvM5Ckg/AEf50tYrQ080ZCdQJSYBA5aabUgn3gOUExSSjLzYOo7xI+lMvkdxxk77YW44l7JX3Da2Ny8h5QbXe3QZUyCgLJaUSBn8EBJ3kjWuX8PtqxtVxbqQw/eexuQLharYthJBBbMgKXl5HfMR6dA4KtmbvsgvEvtIeT7TOVxIUJAdg69Irn2AWzVxi1i060hxsuvShaQQf4Q5fAfIVcelKU4Sg3xkymtSU20X/AAniqxOFWRu+L+K2boso75trDkLQheUZglRVJAMwTvRVBtr65RbtJTcOpSEAABZgaUVdfRV//YKPrfsf/9k=","Norly","V.","Cayanga","Norly","Zambuanga city","1975-09-15","46","Single","Male","Purok 1","Yes","Positive","0976876876","norly@gmail.com","brgy tanod","campo tinio","1","");

